time_s,no_channels,s_100_um,s_50_um,s_25_um,s_10_um
0.0,1.0,1.0,1.0,1.0,1.0
5.0660591821168914e-06,0.9995674918277825,0.9986992194619758,0.9969495356781685,0.9933966745935969,0.9822898986143648
5.157566607568403e-06,0.9995597037196509,0.998675796506905,0.996894606436327,0.9932777695286824,0.9819709955427612
5.250726917167483e-06,0.9995517998660884,0.9986520254441834,0.9968388608461957,0.9931570973185616,0.9816473529923588
5.345569966698957e-06,0.9995437789058808,0.9986279021799208,0.9967822893071783,0.9930346371808714,0.9813189152249129
5.442126151228002e-06,0.9995356263146384,0.9986033830316045,0.9967247893792857,0.9929101673642597,0.9809850875038822
5.5404264148410154e-06,0.9995273535893677,0.998578502576806,0.996666442150484,0.9927838633994563,0.9806463406022216
5.6405022605625414e-06,0.9995189593466479,0.9985532566548495,0.9966072378635584,0.992655704165065,0.9803026178724026
5.74238576045126e-06,0.9995104421975878,0.9985276410886043,0.9965471667227085,0.9925256684561639,0.9799538624428791
5.846109565878408e-06,0.9995018007480577,0.9985016516851875,0.9964862188951915,0.9923937349878632,0.979600017227634
5.951706917991742e-06,0.9994930335989274,0.9984752842366732,0.9964243845129888,0.9922598823989092,0.97924102493584
6.05921165836862e-06,0.9994841393463015,0.9984485345208095,0.9963616536744843,0.9921240892553225,0.978876828081622
6.168658239861445e-06,0.999475116581764,0.9984213983017427,0.996298016446164,0.9919863340540724,0.9785073689939063
6.280081737639081e-06,0.999465963892617,0.9983938713307443,0.9962334628643223,0.9918465952267733,0.9781325898263401
6.393517860427579e-06,0.9994566798621254,0.9983659493469441,0.9961679829367807,0.9917048511434051,0.9777524325672673
6.50900296195407e-06,0.999447263069762,0.9983376280780669,0.9961015666446132,0.991561080116047,0.9773668390497404
6.626574052597309e-06,0.9994377120914522,0.998308903241168,0.9960342039438741,0.991415260402618,0.9769757509615555
6.746268811248651e-06,0.9994280254998192,0.9982797705433715,0.9959658847673261,0.991267370210618,0.9765791098552844
6.868125597387346e-06,0.9994182018644288,0.998250225682604,0.9958965990261652,0.9911173877008622,0.9761768571582919
6.992183463373808e-06,0.9994082397520312,0.9982202643483297,0.9958263366117407,0.9909652909912022,0.9757689341827122
7.118482166965069e-06,0.9993981377268065,0.9981898822222773,0.9957550873972615,0.9908110581602231,0.9753552821353683
7.247062184056224e-06,0.999387894350602,0.9981590749791632,0.9956828412394916,0.9906546672509109,0.9749358421276073
7.377964721652101e-06,0.9993775081831716,0.9981278382874058,0.9956095879804274,0.9904960962742829,0.974510555185035
7.51123173107309e-06,0.9993669777824097,0.998096167809832,0.9955353174489501,0.9903353232129688,0.9740793622571209
7.64690592139966e-06,0.9993563017045821,0.9980640592043706,0.9954600194624562,0.9901723260247346,0.9736422042266538
7.785030773159644e-06,0.9993454785045528,0.9980315081247346,0.9953836838284549,0.9900070826459458,0.9731990219190224
7.925650552262752e-06,0.9993345067360064,0.9979985102210882,0.9953063003461331,0.989839570994951,0.9727497561112948
8.068810324186865e-06,0.9993233849516625,0.9979650611406963,0.9952278588078793,0.9896697689753824,0.9722943475410717
8.214555968420413e-06,0.9993121117034877,0.9979311565285574,0.9951483490007654,0.9894976544793641,0.9718327369150885
8.362934193165786e-06,0.9993006855428979,0.9978967920280132,0.9950677607079805,0.9893232053906152,0.9713648649175376
8.51399255030822e-06,0.9992891050209542,0.9978619632813398,0.9949860837102124,0.9891463995874389,0.9708906722180851
8.667779450655188e-06,0.9992773686885508,0.9978266659303096,0.9949033077869683,0.9889672149455858,0.9704100994795547
8.824344179450865e-06,0.9992654750965931,0.9977908956167311,0.9948194227178407,0.9887856293409867,0.9699230873652493
8.983736912171006e-06,0.9992534227961685,0.9977546479829568,0.9947344182836977,0.9886016206523361,0.9694295765458854
9.146008730603034e-06,0.9992412103387033,0.9977179186723624,0.9946482842678057,0.9884151667635219,0.9689295077061091
9.311211639216671e-06,0.9992288362761134,0.9976807033297923,0.9945610104568776,0.9882262455658897,0.9684228215505672
9.479398581830088e-06,0.999216299160939,0.9976429976019718,0.9944725866420352,0.9880348349603302,0.9679094588095069
9.650623458577287e-06,0.999203597546471,0.997604797137881,0.994383002619688,0.9878409128591793,0.9673893602438708
9.824941143181862e-06,0.9991907299868599,0.9975660975890885,0.9942922481923184,0.9876444571879215,0.9668624666498663
1.0002407500542777e-05,0.999177695037217,0.9975268946100495,0.9942003131691746,0.9874454458866847,0.9663287188629754
1.0183079404637883e-05,0.9991644912536956,0.9974871838583546,0.9941071873668599,0.9872438569115197,0.9657880577613831
1.0367014756750637e-05,0.9991511171935604,0.9974469609949375,0.994012860609818,0.9870396682354486,0.9652404242687932
1.0554272504026237e-05,0.9991375714152426,0.9974062216842368,0.9939173227307092,0.9868328578492785,0.9646857593566076
1.0744912658362815e-05,0.9991238524783729,0.9973649615943039,0.9938205635706688,0.986623403762167,0.964124004045445
1.0938996315643992e-05,0.9991099589438059,0.9973231763968673,0.9937225729794544,0.9864112840019313,0.9635550994059695
1.1136585675318601e-05,0.9990958893736211,0.9972808617673399,0.9936233408154639,0.9861964766150946,0.9629789865590125
1.13377440603343e-05,0.9990816423311074,0.9972380133847739,0.9935228569456295,0.9859789596666546,0.9623956066749569
1.1542535937431108e-05,0.9990672163807315,0.9971946269317606,0.9934211112451841,0.9857587112395753,0.96180490097237
1.175102693780164e-05,0.9990526100880834,0.9971506980942736,0.9933180935972893,0.9855357094339866,0.961206810715857
1.1963283878124287e-05,0.9990378220198064,0.9971062225614504,0.9932137938925311,0.9853099323660888,0.9606012772131244
1.2179374781976556e-05,0.9990228507435046,0.9970611960253205,0.9931082020282732,0.9850813581667535,0.9599882418112275
1.2399368901635069e-05,0.9990076948276312,0.9970156141804661,0.9930013079078684,0.9848499649798171,0.9593676458919933
1.2623336740269342e-05,0.9989923528413562,0.9969694727236257,0.992893101439725,0.9846157309600595,0.958739430866598
1.2851350074536558e-05,0.9989768233544125,0.996922767353232,0.9927835725362251,0.9843786342708635,0.9581035381692938
1.308348197758423e-05,0.9989611049369235,0.9968754937688891,0.9926727111124969,0.9841386530815553,0.9574599092502684
1.3319806842468597e-05,0.9989451961592046,0.9968276476707817,0.9925605070850317,0.9838957655644132,0.9568084855676317
1.3560400405995875e-05,0.9989290955915495,0.9967792247590256,0.9924469503701558,0.983649949891356,0.9561492085785251
1.3805339772994307e-05,0.9989128018039872,0.9967302207329444,0.992332030882343,0.9834011842302942,0.9554820197293434
1.4054703441024373e-05,0.9988963133660255,0.9966806312902915,0.9922157385323808,0.9831494467411586,0.954806860445078
1.430857132553559e-05,0.9988796288463668,0.9966304521263998,0.9920980632253814,0.9828947155715941,0.9541236721177705
1.4567024785477566e-05,0.9988627468126062,0.9965796789332697,0.9919789948586419,0.9826369688523282,0.9534323960940887
1.4830146649373834e-05,0.9988456658309043,0.9965283073985913,0.9918585233193525,0.9823761846922106,0.9527329736620265
1.5098021241866356e-05,0.998828384465645,0.9964763332047061,0.9917366384821583,0.982112341172934,0.9520253460367388
1.5370734410739783e-05,0.9988109012790651,0.9964237520275017,0.9916133302065699,0.9818454163434304,0.9513094543455209
1.5648373554433724e-05,0.9987932148308687,0.996370559535247,0.9914885883342336,0.9815753882139595,0.9505852396119472
1.5931027650051933e-05,0.9987753236778195,0.9963167513873685,0.9913624026860556,0.9813022347498871,0.9498526427391847
1.621878728187762e-05,0.9987572263733132,0.9962623232331629,0.9912347630591898,0.9810259338651612,0.9491116044925021
1.6511744670403464e-05,0.9987389214669318,0.9962072707104571,0.9911056592238916,0.9807464634155024,0.948362065480999
1.6809993701886348e-05,0.9987204075039792,0.9961515894442106,0.9909750809202381,0.9804638011913059,0.9476039661385739
1.7113629958435758e-05,0.9987016830249961,0.9960952750450613,0.9908430178547257,0.9801779249102741,0.9468372467041638
1.7422750748645664e-05,0.9986827465652648,0.9960383231078266,0.9907094596967462,0.9798888122097892,0.9460618472012866
1.773745513877988e-05,0.9986635966542887,0.9959807292099485,0.9905743960749478,0.9795964406390358,0.9452777074169143
1.805784398452037e-05,0.9986442318152658,0.9959224889099002,0.9904378165734882,0.9793007876508896,0.9444847668797176
1.8384019963289304e-05,0.9986246505645371,0.9958635977455377,0.9902997107281838,0.9790018305935835,0.9436829648377181
1.8716087607155012e-05,0.9986048514110318,0.9958040512324237,0.9901600680225667,0.9786995467021703,0.9428722402353866
1.9054153336331917e-05,0.9985848328556949,0.9957438448621061,0.9900188778838526,0.9783939130897944,0.9420525316902367
1.939832549328597e-05,0.9985645933909024,0.995682974100365,0.9898761296788279,0.97808490673879,0.941223777468949
1.974871437745595e-05,0.9985441314998692,0.9956214343854272,0.9897318127096661,0.9777725044916245,0.9403859154630819
2.01054322806019e-05,0.9985234456560489,0.9955592211261581,0.9895859162096818,0.9774566830417039,0.9395388831644119
2.046859352279229e-05,0.9985025343225192,0.9954963297002232,0.9894384293390257,0.9771374189240593,0.9386826176399544
2.0838314489040762e-05,0.9984813959513705,0.995432755452237,0.9892893411803384,0.976814688505936,0.9378170555067217
2.1214713666605095e-05,0.9984600289830776,0.9953684936918898,0.9891386407343634,0.9764884679772979,0.9369421329062619
2.1597911682959662e-05,0.9984384318458833,0.9953035396920719,0.9889863169155386,0.9761587333412791,0.9360577854790415
2.1988031344453763e-05,0.9984166029551614,0.9952378886869774,0.9888323585475597,0.9758254604045896,0.9351639483387219
2.23851976756685e-05,0.9983945407127921,0.9951715358702155,0.988676754358945,0.9754886247679065,0.9342605560463829
2.2789537959484063e-05,0.998372243506531,0.9951044763929161,0.9885194929785949,0.9751482018162659,0.9333475425847554
2.320118177787121e-05,0.9983497097093822,0.9950367053618423,0.988360562931364,0.9748041667094763,0.9324248413325114
2.3620261053419296e-05,0.998326937678972,0.9949682178375093,0.9881999526336533,0.9744564943725756,0.9314923850386695
2.404691009161467e-05,0.9983039257569291,0.9948990088323186,0.9880376503890304,0.9741051594863536,0.9305501057971718
2.4481265623882283e-05,0.9982806722682686,0.9948290733087063,0.9878736443838882,0.9737501364779519,0.9295979350216822
2.4923466851405246e-05,0.9982571755207837,0.9947584061773121,0.9877079226831531,0.9733913995115747,0.9286358034206629
2.5373655489735545e-05,0.9982334338044446,0.9946870022951728,0.9875404732260477,0.9730289224793146,0.927663640972775
2.5831975814210926e-05,0.998209445390807,0.9946148564639443,0.9873712838219181,0.9726626789921224,0.9266813769026573
2.629857470619158e-05,0.9981852085324312,0.9945419634281516,0.9872003421461354,0.9722926423709334,0.9256889396571291
2.6773601700132508e-05,0.998160721462312,0.9944683178734773,0.9870276357360774,0.9719187856379693,0.9246862568818608
2.7257209031505924e-05,0.998135982393322,0.9943939144250848,0.986853151987199,0.9715410815082317,0.923673255398557
2.7749551685589222e-05,0.9981109895176674,0.994318747645983,0.9866768781491965,0.9711595023811995,0.9226498611826921
2.8250787447134522e-05,0.998085741006359,0.9942428120354347,0.9864988013222734,0.9707740203327462,0.9216159993418338
2.8761076950934778e-05,0.9980602350086968,0.9941661020274094,0.9863189084535161,0.9703846071072921,0.9205715940945907
2.9280583733303852e-05,0.998034469651774,0.9940886119890858,0.9861371863333784,0.9699912341101973,0.9195165687502143
2.9809474284486107e-05,0.9980084430399941,0.9940103362194038,0.9859536215922876,0.9695938724004107,0.9184508456888812
3.0347918102013034e-05,0.9979821532546066,0.9939312689476677,0.9857682006973668,0.9691924926833806,0.9173743463426808
3.089608774502303e-05,0.997955598353261,0.9938514043322026,0.985580909949288,0.9687870653042364,0.9162869911773283
3.1454158889562966e-05,0.9979287763695781,0.9937707364590672,0.985391735479248,0.9683775602412463,0.9151886996746179
3.20223103848883e-05,0.9979016853127382,0.9936892593408171,0.9852006632460751,0.9679639470995557,0.9140793903156285
3.2600724310780475e-05,0.9978743231670925,0.9936069669153307,0.98500767903347,0.9675461951052085,0.9129589805646922
3.3189586035899025e-05,0.9978466878917888,0.993523853044687,0.9848127684473744,0.9671242730994565,0.9118273868541278
3.3789084277188314e-05,0.997818777420417,0.9934399115140995,0.9846159169134742,0.9666981495333515,0.9106845245697383
3.439941116035703e-05,0.9977905896606739,0.9933551360309069,0.9844171096748312,0.9662677924626221,0.9095303080370721
3.5020762281450046e-05,0.9977621224940459,0.9932695202236209,0.9842163317896491,0.9658331695428328,0.9083646505084393
3.565333676953287e-05,0.9977333737755113,0.9931830576410261,0.9840135681291633,0.96539424802482,0.9071874641506678
3.6297337350507604e-05,0.9977043413332568,0.9930957417513345,0.9838088033756577,0.9649509947503981,0.9059986600335915
3.695297041208231e-05,0.9976750229684155,0.9930075659413917,0.9836020220206048,0.9645033761483319,0.9047981481192456
3.762044606991348e-05,0.9976454164548195,0.9929185235159343,0.9833932083629225,0.9640513582305646,0.9035858372517519
3.829997823494372e-05,0.9976155195387688,0.9928286076968958,0.9831823465073461,0.9635949065886936,0.902361635147864
3.899178468195489e-05,0.9975853299388157,0.9927378116227583,0.9829694203629098,0.9631339863906827,0.9011254483881531
3.969608711936038e-05,0.9975548453455647,0.9926461283479499,0.9827544136415322,0.9626685623778009,0.899877182408795
4.0413111260257464e-05,0.997524063421486,0.9925535508422829,0.9825373098567004,0.9621985988617728,0.8986167414939294
4.1143086894763644e-05,0.9974929818007422,0.9924600719904343,0.9823180923222471,0.9617240597221326,0.897344028768561
4.1886247963658705e-05,0.9974615980890257,0.9923656845914576,0.982096744151213,0.961244908403761,0.8960589461919563
4.264283263335781e-05,0.9974299098634108,0.9922703813583351,0.9818732482547896,0.9607611079145976,0.8947613945515069
4.3413083372238386e-05,0.9973979146722134,0.9921741549175562,0.9816475873413366,0.9602726208235103,0.8934512734570147
4.419724702834572e-05,0.9973656100348606,0.9920769978087279,0.9814197439154614,0.9597794092583071,0.8921284813353603
4.499557490850254e-05,0.9973329934417667,0.9919789024842037,0.9811897002771595,0.9592814349038755,0.8907929154255132
4.580832285884669e-05,0.9973000623542241,0.9918798613087456,0.9809574385210096,0.9587786590004354,0.8894444717738438
4.663575134682442e-05,0.9972668142042901,0.9917798665591947,0.9807229405354085,0.958271042341886,0.888083045229694
4.7478125544664144e-05,0.997233246394686,0.9916789104241622,0.9804861880018454,0.9577585452742369,0.8867085294411651
4.833571541435856e-05,0.9971993562986992,0.9915769850037346,0.9802471623942093,0.9572411276941037,0.8853208168510867
4.9208795794180865e-05,0.9971651412600863,0.9914740823091864,0.9800058449781167,0.9567187490472568,0.8839197986931205
5.009764648676458e-05,0.9971305985929821,0.9913701942627018,0.9797622168102572,0.9561913683272049,0.8825053649879647
5.1002552348773806e-05,0.9970957255818083,0.9912653126971008,0.9795162587377528,0.9556589440738037,0.8810774045396225
5.1923803382193836e-05,0.9970605194811812,0.9911594293555661,0.9792679513975169,0.9551214343718729,0.8796358049316899
5.2861694827269615e-05,0.997024977515823,0.9910525358913708,0.9790172752156144,0.9545787968498114,0.8781804525236444
5.381652725712402e-05,0.996989096880469,0.9909446238676021,0.9787642104066168,0.9540309886781958,0.8767112324470849
5.4788606674084705e-05,0.9969528747397742,0.9908356847568801,0.9785087369729395,0.9534779665683522,0.8752280286019031
5.577824460775082e-05,0.9969163082282175,0.9907257099410693,0.9782508347041674,0.9529196867708922,0.8737307236523542
5.6785758214831726e-05,0.9968793944500028,0.9906146907109805,0.9779904831763555,0.9523561050741998,0.8722191990230005
5.7811470380787895e-05,0.9968421304789553,0.9905026182660619,0.9777276617513028,0.9517871768028625,0.8706933348945045
5.885570982330891e-05,0.9968045133584167,0.9903894837140779,0.9774623495758009,0.9512128568160391,0.8691530101992481
5.991881119765996e-05,0.9967665401011305,0.9902752780707716,0.9771945255808426,0.9506330995057519,0.8675981026167575
6.100111520393122e-05,0.9967282076891273,0.9901599922595149,0.9769241684808002,0.9500478587951049,0.8660284885689197
6.210296869622506e-05,0.996689513073602,0.9900436171109397,0.9766512567725608,0.949457088136414,0.8644440432149697
6.322472479381426e-05,0.9966504531747846,0.9899261433625524,0.9763757687346234,0.94886074050925,0.8628446404462419
6.436674299430912e-05,0.9966110248818077,0.9898075616583293,0.9760976824261495,0.9482587684183861,0.8612301528806666
6.552938928886882e-05,0.996571225052564,0.9896878625482949,0.9758169756859719,0.9476511238916507,0.8596004518570072
6.671303627949252e-05,0.9965310505135595,0.989567036488077,0.9755336261315555,0.9470377584776773,0.8579554074288314
6.791806329843048e-05,0.9964904980597599,0.989445073838444,0.9752476111579109,0.9464186232435551,0.8562948883582068
6.91448565297514e-05,0.9964495644544293,0.9893219648648234,0.9749589079364618,0.9457936687723753,0.8546187621091198
7.039380913310552e-05,0.9964082464289653,0.9891976997367965,0.9746674934138634,0.9451628451606722,0.852926894840616
7.166532136972411e-05,0.9963665406827196,0.9890722685275729,0.97437334431077,0.9445261020157598,0.8512191513996546
7.295980073069326e-05,0.9963244438828202,0.9889456612134462,0.9740764371205592,0.9438833884529647,0.8494953953136888
7.427766206754627e-05,0.9962819526639827,0.9888178676732291,0.9737767481080023,0.9432346530927529,0.8477554887829608
7.561932772521401e-05,0.9962390636283153,0.9886888776876647,0.9734742533078913,0.9425798440577536,0.8459992926725215
7.698522767737687e-05,0.9961957733451166,0.9885586809388223,0.9731689285236163,0.9419189089696822,0.8442266665039767
7.837579966426224e-05,0.996152078350668,0.9884272670094709,0.9728607493256963,0.9412517949461595,0.8424374684469604
7.979148933292956e-05,0.9961079751480189,0.9882946253824322,0.9725496910502656,0.9405784485974339,0.8406315553103441
8.123275038009053e-05,0.9960634602067652,0.9881607454399159,0.9722357287975133,0.9398988160230044,0.838808782533184
8.270004469750932e-05,0.9960185299628217,0.9880256164628366,0.9719188374300797,0.9392128428081501,0.8369690041754134
8.41938425200274e-05,0.9959731808181899,0.9878892276301107,0.9715989915714087,0.9385204740203634,0.8351120729082827
8.5714622576264e-05,0.9959274091407166,0.9877515680179362,0.97127616560406,0.9378216542056935,0.8332378400045585
8.726287224203764e-05,0.9958812112638502,0.9876126265990542,0.9709503336679771,0.9371163273850002,0.8313461553284802
8.883908769655893e-05,0.9958345834863884,0.9874723922419952,0.9706214696587157,0.9364044370501208,0.829436867325489
9.04437740814456e-05,0.995787522072222,0.9873308537103055,0.9702895472256361,0.9356859261599509,0.8275098230117267
9.2077445662608e-05,0.9957400232500732,0.98718799966176,0.9699545397700517,0.9349607371364432,0.825564867963317
9.374062599506041e-05,0.9956920832132276,0.9870438186475579,0.9696164204433458,0.9342288118605255,0.8236018463054319
9.543384809070845e-05,0.9956436981192616,0.9868982991115026,0.9692751621450468,0.9334900916679384,0.8216206007011501
9.715765458916733e-05,0.9955948640897657,0.9867514293891666,0.9689307375208718,0.9327445173449975,0.8196209723401137
9.891259793166632e-05,0.9955455772100609,0.9866031977070427,0.9685831189607333,0.931992029124279,0.8176028009269871
0.00010069924053809264,0.9954958335289112,0.9864535921816783,0.9682322785967119,0.9312325666802324,0.8155659246697292
0.000102518154987235,0.9954456290582331,0.9863026008187982,0.967878188300996,0.9304660691247202,0.8135101802676777
0.00010436992420028255,0.995394959772797,0.9861502115124113,0.9675208196837901,0.9296924750024884,0.811435402899456
0.00010625514162763718,0.9953438216099267,0.9859964120439046,0.9671601440911888,0.9289117222865658,0.8093414262107095
0.00010817441143910193,0.9952922104691941,0.985841190081124,0.9667961326030203,0.9281237483735971,0.807228082301674
0.0001101283487175031,0.9952401222121082,0.9856845331774418,0.9664287560306606,0.9273284900791078,0.8050952017145858
0.00011211757965581073,0.9951875526618014,0.9855264287708099,0.9660579849148143,0.9265258836327037,0.8029426134209422
0.00011414274175781964,0.9951344976027104,0.9853668641828034,0.9656837895232682,0.9257158646732058,0.8007701448086141
0.00011620448404245484,0.9950809527802535,0.9852058266176476,0.965306139848613,0.9248983682437201,0.7985776216688284
0.00011830346725176725,0.9950269139005035,0.9850433031612351,0.9649250056059374,0.9240733287866456,0.7963648681830217
0.00012044036406268689,0.9949723766298567,0.9848792807801307,0.9645403562304931,0.9232406801386177,0.794131706909583
0.00012261585930260102,0.9949173365946975,0.9847137463205612,0.9641521608753284,0.9224003555253902,0.7918779587704937
0.00012483065016882563,0.9948617893810591,0.9845466865073983,0.9637603884088985,0.9215522875566584,0.7896034430378828
0.00012708544645204122,0.9948057305342809,0.9843780879431231,0.963365007412643,0.9206964082208154,0.7873079773205132
0.00012938097076376528,0.9947491555586603,0.9842079371067834,0.962965986178537,0.9198326488796524,0.7849913775502189
0.00013171795876793259,0.9946920599171023,0.9840362203529381,0.9625632927066148,0.9189609402629977,0.7826534579683171
0.00013409715941665944,0.9946344390307634,0.983862923910587,0.9621568947024632,0.9180812124632923,0.7802940311120212
0.00013651933519026575,0.9945762882786943,0.9836880338820931,0.961746759574692,0.9171933949301102,0.77791290780089
0.00013898526234163255,0.9945176029974748,0.9835115362420894,0.9613328544323715,0.9162974164646136,0.7755098971233433
0.0001414957311449738,0.9944583784808484,0.9833334168363762,0.9609151460824453,0.9153932052139544,0.7730848064232976
0.00014405154614910185,0.9943986099793507,0.9831536613808048,0.9604936010271148,0.914480688665609,0.7706374412869585
0.00014665352643526697,0.9943382926999346,0.9829722554601523,0.960068185461196,0.9135597936416594,0.7681676055298418
0.0001493025058796541,0.9942774218055928,0.9827891845269806,0.9596388652694494,0.9126304462930108,0.7656751011840814
0.0001519993334206219,0.9942159924149728,0.9826044339004869,0.9592056060238808,0.9116925720935494,0.7631597284861065
0.00015474487333076841,0.9941539996019938,0.9824179887653415,0.9587683729810155,0.9107460958342438,0.7606212858647748
0.00015754000549391103,0.9940914383954529,0.9822298341705124,0.9583271310791442,0.9097909416171819,0.7580595699300712
0.00016038562568706892,0.9940283037786325,0.9820399550280805,0.9578818449355428,0.9088270328495497,0.7554743754624819
0.00016328264586753998,0.9939645906889021,0.9818483361120407,0.9574324788436612,0.9078542922375509,0.7528654954031866
0.0001662319944651624,0.9939002940173144,0.9816549620570915,0.9569789967702858,0.9068726417802626,0.7502327208452195
0.00016923461667985588,0.9938354086082022,0.9814598173574149,0.9565213623526756,0.9058820027634339,0.747575841025774
0.00017229147478453675,0.993769929258764,0.9812628863654405,0.9560595388956665,0.9048822957532204,0.7448946433198511
0.00017540354843350448,0.9937038507186523,0.9810641532906003,0.9555934893687501,0.9038734405898591,0.7421889132354746
0.00017857183497639907,0.9936371676895548,0.98086360219807,0.9551231764031234,0.9028553563812819,0.7394584344107239
0.00018179734977782967,0.9935698748247718,0.9806612170074994,0.9546485622887082,0.9018279614966656,0.7367029886128648
0.00018508112654277574,0.9935019667287898,0.9804569814917291,0.9541696089711453,0.9007911735599209,0.7339223557398983
0.0001884242176478658,0.9934334379568507,0.980250879275496,0.9536862780487557,0.8997449094431195,0.731116313824872
0.00019182769447864093,0.9933642830145176,0.9800428938341257,0.9531985307694762,0.8986890852598566,0.728284639043348
0.00019529264777291028,0.9932944963572363,0.9798330084922124,0.9527063280277633,0.8976236163585504,0.7254271057244512
0.00019882018797030677,0.9932240723898886,0.9796212064222866,0.9522096303614686,0.8965484173156799,0.722543486365979
0.00020241144556815938,0.9931530054663528,0.9794074706434714,0.9517083979486862,0.8954634019289563,0.7196335516540838
0.00020606757148379097,0.9930812898890449,0.9791917840201234,0.9512025906045672,0.8943684832104312,0.7166970704881036
0.00020978973742336187,0.9930089199084644,0.9789741292604621,0.9506921677781065,0.8932635733795395,0.7137338100111528
0.0002135791362573758,0.9929358897227392,0.978754488915188,0.9501770885488989,0.8921485838560773,0.7107435356471484
0.00021743698240296767,0.992862193477155,0.9785328453760846,0.9496573116238644,0.8910234252531135,0.7077260111449953
0.00022136451221309655,0.9927878252636904,0.978309180874611,0.9491327953339436,0.8898880073698361,0.7046809986307109
0.0002253629843727693,0.992712779120543,0.9780834774804774,0.9486034976307612,0.8887422391843308,0.7016082586683242
0.00022943368030242146,0.9926370490316517,0.9778557171002115,0.9480693760832607,0.8875860288462928,0.698507550330447
0.00023357790456858307,0.9925606289262161,0.9776258814757076,0.9475303878743048,0.8864192836696719,0.6953786312794575
0.0002377969853019626,0.9924835126782082,0.9773939521827659,0.9469864897972461,0.8852419101252477,0.6922212578603106
0.00024209227462308356,0.992405694105884,0.977159910629615,0.9464376382524673,0.8840538138331377,0.6890351852060211
0.0002464651490756083,0.9923271669712863,0.9769237380554233,0.9458837892438857,0.8828548995552344,0.6858201673569375
0.00025091701006749005,0.9922479249797459,0.9766854155287954,0.9453248983754294,0.8816450711875753,0.6825759573949547
0.0002554492843200922,0.9921679617793766,0.9764449239462546,0.944760920847479,0.8804242317526397,0.6793023075938718
0.0002600634243254198,0.9920872709605671,0.9762022440307131,0.9441918114532769,0.8791922833915778,0.6759989695871262
0.0002647609088116112,0.9920058460554655,0.9759573563299245,0.9436175245753032,0.8779491273563648,0.6726656945541795
0.00026954324321683775,0.991923680537463,0.9757102412149272,0.9430380141816205,0.8766946640018863,0.6693022334268502
0.00027441196017176226,0.9918407678206678,0.9754608788784679,0.9424532338221809,0.8754287927779494,0.665908337116907
0.0002793686199907121,0.9917571012593808,0.9752092493334164,0.9418631366251049,0.8741514122212216,0.6624837567662506
0.00028441481117172547,0.9916726741475581,0.9749553324111602,0.9412676752929207,0.8728624199470945,0.6590282440210016
0.00028955215090563,0.9915874797182783,0.9746991077599901,0.9406668020987736,0.8715617126414746,0.655541551330814
0.0002947822855943152,0.9915015111431977,0.9744405548434671,0.9400604688825975,0.8702491860525002,0.6520234322747044
0.0003001068913783669,0.9914147615320008,0.9741796529387742,0.9394486270472538,0.8689247349821789,0.6484736419146512
0.00030552767467423346,0.991327223931849,0.9739163811350559,0.9388312275546332,0.8675882532779529,0.6448919371781837
0.00031104637272109324,0.9912388913268255,0.9736507183317415,0.9382082209217243,0.8662396338241855,0.6412780772711035
0.0003166647541376015,0.9911497566373694,0.9733826432368526,0.9375795572166438,0.8648787685335697,0.6376318241214283
0.0003223846194886927,0.9910598127197089,0.9731121343652941,0.9369451860546325,0.8635055483384609,0.6339529428555443
0.00032820780186261993,0.9909690523652891,0.972839170037133,0.9363050565940149,0.8621198631821283,0.6302412023074655
0.00033413616745841954,0.990877468300193,0.9725637283758591,0.9356591175321202,0.8607216020099283,0.6264963755619756
0.00034017161618398633,0.9907850531845582,0.9722857873066288,0.9350073171011679,0.8593106527603968,0.622718240532306
0.00034631608226495087,0.9906917996119887,0.972005324554497,0.9343496030641173,0.8578869023562621,0.6189065805728626
0.0003525715348645546,0.9905977001089601,0.9717223176426282,0.9336859227104746,0.856450236695374,0.6150611851273544
0.00035893997871472294,0.9905027471342209,0.9714367438904954,0.9330162228520681,0.8550005406415538,0.6111818504125205
0.0003654234547585381,0.9904069330781872,0.9711485804120605,0.9323404498187817,0.8535376980153581,0.6072683801374646
0.00037202404080431266,0.9903102502623325,0.9708578041139376,0.9316585494542473,0.8520615915847605,0.6033205862584304
0.0003787438521914835,0.9902126909385717,0.9705643916935427,0.9309704671115054,0.8505721030557496,0.5993382897686473
0.00038558504246852807,0.9901142472886397,0.9702683196372232,0.9302761476486188,0.8490691130628402,0.5953213215226721
0.0003925498040831291,0.9900149114234649,0.9699695642183719,0.929575535424251,0.8475525011594996,0.5912695230944498
0.0003996403690848056,0.9899146753825349,0.9696681014955252,0.9288685742932035,0.8460221458084877,0.5871827476680916
0.00040685900984023423,0.9898135311332603,0.9693639073104414,0.9281552076019123,0.8444779243721077,0.58306086096016
0.00041420803976149027,0.9897114705703277,0.9690569572861646,0.9274353781839048,0.8429197131023717,0.5789037421720256
0.00042168981404744544,0.9896084855150529,0.9687472268250686,0.9267090283552142,0.8413473871310753,0.5747112849706438
0.0004293067304385567,0.9895045677147221,0.9684346911068838,0.9259760999097528,0.8397608204597813,0.5704833984958806
0.0004370612299852878,0.9893997088419311,0.9681193250867081,0.9252365341146452,0.8381598859497165,0.566220008392312
0.00044495579783040973,0.9892939004939174,0.9678011034929961,0.9244902717055158,0.8365444553115741,0.5619210578632051
0.00045299296400543455,0.9891871341918869,0.9674800008255344,0.9237372528817377,0.8349143990952246,0.5575865087441939
0.00046117530424143297,0.9890794013803332,0.9671559913533957,0.9229774173016361,0.8332695866793359,0.5532163425939792
0.00046950544079449915,0.9889706934263511,0.9668290491128749,0.9222107040776486,0.831609886260896,0.5488105617991929
0.00047798604328612443,0.9888610016189453,0.9664991479054071,0.9214370517714433,0.8299351648446434,0.544369190690411
0.00048661982955874964,0.9887503171683312,0.9661662612954676,0.9206563983889913,0.8282452882324021,0.5398922766661425
0.0004954095665467737,0.9886386312052302,0.9658303626084498,0.9198686813755943,0.8265401210123204,0.5353798913214839
0.0005043580711632948,0.9885259347801579,0.965491424928529,0.9190738376108705,0.8248195265480112,0.5308321315780142
0.0005134682112028665,0.9884122188627087,0.9651494210965017,0.9182718034036907,0.8230833669675948,0.5262491208113997
0.000522742906260561,0.9882974743408282,0.9648043237076083,0.9174625144870721,0.8213315031526439,0.5216310099730906
0.000532185128667634,0.9881816920200843,0.9644561051093364,0.9166459060130248,0.8195637947270284,0.5169779787024336
0.0005417979044440921,0.988064862622931,0.9641047373992028,0.9158219125473518,0.8177801000456592,0.5122902364254673
0.0005515843142684604,0.9879469767879624,0.9637501924225156,0.9149904680644022,0.8159802761831292,0.5075680234366559
0.0005615474944650749,0.9878280250691637,0.9633924417701182,0.9141515059417769,0.8141641789222553,0.5028116119597896
0.0005716906380091996,0.9877079979351526,0.9630314567761097,0.9133049589549872,0.8123316627425146,0.4980213071843139
0.000582016995550308,0.9875868857684159,0.962667208515548,0.9124507592720644,0.8104825808083763,0.49319744827335715
0.000592529876453838,0.9874646788645383,0.9622996678021295,0.9115888384481207,0.8086167849575303,0.48834040933979944
0.0006032326498617744,0.9873413674314239,0.9619288051858493,0.910719127419862,0.8067341256890082,0.48345060038676646
0.0006141287457723788,0.9872169415885107,0.9615545909506401,0.9098415565000503,0.8048344521511982,0.47852846820904016
0.0006252216561394287,0.9870913913659809,0.9611769951119901,0.9089560553719177,0.8029176121297545,0.4735744972519521
0.000636514935991312,0.9869647067039581,0.9607959874145388,0.9080625530835272,0.8009834520353949,0.4685892104244544
0.0006480122045703294,0.9868368774517028,0.9604115373296507,0.907160978042085,0.7990318168915906,0.4635731698631812
0.0006597171464925853,0.9867078933667984,0.9600236140529683,0.9062512580082008,0.7970625503221487,0.45852697764444456
0.0006716335129288188,0.98657774411433,0.9596321865019435,0.9053333200900977,0.7950754945386832,0.45345127644126304
0.0006837651228065758,0.9864464192660555,0.9592372233133437,0.9044070907377659,0.7930704903279745,0.44834675012266134
0.000696115864034083,0.9863139082995699,0.9588386928407396,0.9034724957370688,0.7910473770392206,0.44321412429264995
0.0007086896947462413,0.9861802005974625,0.9584365631519668,0.9025294602037929,0.7890059925711763,0.438054166766441
0.0007214906445731133,0.9860452854464637,0.9580308020265665,0.901577908577644,0.7869461733591867,0.43286768798163666
0.0007345228159313345,0.9859091520365884,0.9576213769532026,0.9006177646161914,0.784867754362105,0.4276555413422724
0.0007477903853388401,0.9857717894602683,0.9572082551270561,0.8996489513887548,0.7827705690491122,0.4224186234937795
0.000761297604753351,0.985633186711478,0.956791403447194,0.8986713912702382,0.7806544493864255,0.41715787452707165
0.0007750488029350255,0.9854933326848524,0.9563707885139171,0.8976850059349077,0.778519225823909,0.41187427811013444
0.0007890483868337317,0.9853522161747965,0.9559463766260828,0.8966897163501126,0.7763647272815871,0.4065688615456286
0.000803300843001378,0.9852098258745875,0.9555181337784029,0.8956854427699501,0.7741907811360664,0.40124269575317173
0.000817810739029747,0.9850661503754684,0.9550860256587185,0.8946721047288742,0.7719972132068773,0.3958968951750972
0.0008325827250143125,0.9849211781657328,0.9546500176452488,0.8936496210352443,0.7697838477427399,0.39053261760460006
0.0008476215350444834,0.9847748976298043,0.9542100748038183,0.8926179097648195,0.7675505074077738,0.3851510639353176
0.0008629319887207802,0.9846272970473032,0.9537661618850537,0.8915768882541899,0.7652970132676601,0.3797534778314726
0.0008785189926994014,0.9844783645921077,0.9533182433215608,0.8905264730941531,0.7630231847757831,0.37434114531782314
0.0008943875422647038,0.9843280883314061,0.9528662832250722,0.8894665801230266,0.7607288397593702,0.3689153942887319
0.0009105427229300715,0.9841764562247414,0.9524102453835721,0.8883971244199039,0.7584137944056678,0.36347759393575485
0.0009269897120677158,0.9840234561230445,0.9519500932583935,0.8873180202978478,0.7560778632481795,0.3580291540932021
0.0009437337805679004,0.983869075767662,0.9514857899812895,0.8862291812970227,0.7537208591530243,0.352571524501195
0.0009607802945281458,0.9837133027893724,0.9510172983514781,0.8851305201777635,0.7513425933054595,0.34710619398577947
0.000978134716972946,0.9835561247073962,0.9505445808326614,0.8840219489135863,0.7489428751966358,0.34163468955570986
0.000995802609604538,0.9833975289283944,0.9500675995500173,0.8829033786841326,0.7465215126106662,0.33615857541555494
0.0010137896345853103,0.9832375027454597,0.9495863162871635,0.8817747198680491,0.7440783116120926,0.3306794518948055
0.001032101556352391,0.9830760333370976,0.9491006924830938,0.8806358820358067,0.7416130765338645,0.3251989542927162
0.0010507442434650276,0.9829131077662002,0.9486106892290899,0.8794867739424529,0.7391256099659533,0.31971875163863184
0.001069723670485321,0.9827487129790077,0.9481162672656009,0.8783273035202991,0.7366157127447504,0.31424054536760687
0.0010890459198929464,0.9825828358040632,0.9476173869790994,0.8771573778715425,0.7340831839434172,0.3087660679111549
0.001108717184034442,0.9824154629511572,0.9471140083989039,0.8759769032608195,0.7315278208633885,0.3032970812030367
0.0011287437671077267,0.9822465810102621,0.9466060911939783,0.8747857851076961,0.7289494190272502,0.2978353751000399
0.0011491320871824457,0.9820761764504574,0.9460935946696977,0.8735839279790865,0.7263477721732541,0.29238276571779476
0.0011698886782568205,0.9819042356188461,0.945576477764588,0.8723712355816057,0.7237226722517582,0.2869410936817487
0.0011910201923516519,0.9817307447394596,0.9450546990470359,0.8711476107538535,0.7210739094239272,0.28151222229352874
0.0012125334016421356,0.9815556899121549,0.9445282167119677,0.8699129554586267,0.718401272063063,0.27609803561305146
0.001234435200628201,0.9813790571114996,0.9439969885774998,0.8686671707750633,0.7157045467589846,0.2707004364568676
0.001256732608344034,0.9812008321856481,0.9434609720815575,0.8674101568907161,0.7129835183259191,0.2653213443134074
0.0012794327706075294,0.9810210008552082,0.9429201242784652,0.8661418130935524,0.7102379698144194,0.25996269317595944
0.0013025429623103554,0.9808395487120962,0.9423744018355045,0.8648620377638857,0.7074676825278758,0.25462642929444035
0.0013260705897494016,0.9806564612183823,0.941823761029442,0.8635707283662298,0.7046724360442415,0.24931450884722528
0.001350023193000322,0.9804717237051265,0.941268157743025,0.8622677814410847,0.7018520082436535,0.2440288955345789
0.001374408448333969,0.9802853213712008,0.9407075474614464,0.8609530925966441,0.699006175342684,0.23877155809548822
0.0013992341706764561,0.9800972392821075,0.9401418852687788,0.8596265565004307,0.6961347119360196,0.2335444677500142
0.0014245083161136755,0.9799074623687779,0.9395711258443736,0.8582880668708563,0.6932373910464235,0.22834959556958662
0.0014502389844410362,0.9797159754263668,0.9389952234592294,0.8569375164687042,0.6903139841838976,0.22318890977802683
0.00147643442175927,0.9795227631130332,0.9384141319723283,0.8555747970885361,0.6873642614150159,0.21806437298643402
0.0015031030231171263,0.9793278099487133,0.9378278048269395,0.8541997995500226,0.684387991443463,0.21297793936546383
0.0015302533352017848,0.9791311003138773,0.9372361950468868,0.8528124136891924,0.6813849417028554,0.20793155175893088
0.0015578940590778906,0.9789326184482786,0.9366392552327845,0.851412528349606,0.678354878462984,0.20292713874307128
0.0015860340529760364,0.9787323484496924,0.9360369375582414,0.8500000313734498,0.6752975669506585,0.197966611636251
0.0016146823351316382,0.9785302742726398,0.9354291937660263,0.8485748095925469,0.6722127714863636,0.19305186146432374
0.001643848086675066,0.9783263797271021,0.9348159751642017,0.8471367488192894,0.669100255637991,0.18818475588731104
0.001673540654574001,0.9781206484772241,0.9341972326222223,0.8456857338374892,0.6659597823929165,0.18336713609351266
0.0017037695546289159,0.9779130640400054,0.9335729165669989,0.8442216483931464,0.6627911143497242,0.17860081366762692
0.0017345444745226887,0.977703609783979,0.9329429769789248,0.8427443751851325,0.659594013930876,0.1738875674398965
0.0017658752769252758,0.977492268927879,0.932307363387869,0.841253795855793,0.656368243617636,0.1692291403237627
0.0017977720026544795,0.9772790245392954,0.9316660248691321,0.8397497909814626,0.6531135662085291,0.16462723614993602
0.0018302448738938119,0.9770638595333192,0.9310189100393651,0.8382322400628962,0.649829745102606,0.16008351650523014
0.0018633042974684603,0.9768467566711714,0.9303659670524527,0.8367010215156138,0.6465165446087389,0.15559959758492029
0.0018969608681804566,0.9766276985588213,0.9297071435953584,0.8351560126601576,0.6431737302821208,0.15117704706777196
0.0019312253722040581,0.9764066676455933,0.9290423868839334,0.8335970897122643,0.6398010692890935,0.14681738102327532
0.0019661087905424885,0.9761836462227645,0.9283716436586881,0.8320241277729438,0.6363983308013272,0.1425220608609481
0.0020016223025470874,0.9759586164221397,0.9276948601805227,0.8304370008184744,0.6329652864203118,0.1382924903319029
0.0020377772895000578,0.9757315602146232,0.9270119822264234,0.8288355816903024,0.6295017106329933,0.13413001259314083
0.0020745853382618923,0.9755024594087733,0.9263229550851152,0.8272197420848558,0.6260073812992937,0.13003590734529338
0.0021120582449847213,0.9752712956493447,0.9256277235526806,0.825589352543262,0.6224820801721002,0.126011388054721
0.0021502080188926984,0.9750380504158181,0.9249262319281348,0.8239442824409767,0.6189255934501882,0.1220575992710502
0.0021890468861306914,0.9748027050209165,0.924218424008964,0.8222843999773166,0.6153377123643755,0.11817561405132732
0.0022285872936824965,0.9745652406091072,0.9235042430866218,0.8206095721648994,0.6117182337970459,0.11436643150203053
0.0022688419133598,0.9743256381550913,0.9227836319419838,0.818919664818988,0.6080669609350073,0.11063097445018509
0.0023098236458632252,0.974083878462279,0.9220565328407652,0.8172145425467395,0.6043837039554665,0.1069700872547619
0.0023515456249167017,0.9738399421612517,0.9213228875288932,0.8154940687363571,0.6006682807447069,0.10338453376943169
0.0023940212214765464,0.9735938097082112,0.920582637227842,0.8137581055461456,0.5969205176488719,0.09987499546755356
0.002437264048016533,0.9733454613834118,0.91983572262992,0.8120065138934651,0.5931402502560427,0.09644206974003906
0.002481287962890407,0.9730948772895818,0.9190820838935204,0.810239153443591,0.5893273242086057,0.09308626837640299
0.002526107074773154,0.9728420373503284,0.9183216606383252,0.8084558825984689,0.5854815960446988,0.08980801623893665
0.002571735747182533,0.9725869213085293,0.9175543919404675,0.8066565584853707,0.5816029340673151,0.08660765013946586
0.0026181886030822435,0.9723295087247096,0.9167802163276505,0.8048410369454506,0.5776912192394515,0.08348541792763604
0.0026654805295682725,0.9720697789754055,0.9159990717742222,0.8030091725221971,0.5737463461034827,0.08044147779904827
0.0027136266826398602,0.9718077112515088,0.9152108956962051,0.8011608184497826,0.5697682237227519,0.07747589783090052
0.0027626424920566633,0.9715432845566037,0.9144156249462831,0.7992958266413118,0.5657567766431856,0.07458865575202858
0.002812543666283652,0.9712764777052799,0.9136131958087401,0.7974140476769616,0.5617119458725578,0.07177963895342054
0.0028633461975253053,0.9710072693214405,0.9128035439943574,0.7955153307920252,0.5576336898748716,0.06904864474438577
0.0029150663668507707,0.9707356378365839,0.91198660463526,0.7935995238648452,0.5535219855771573,0.06639538085859253
0.0029677207494115615,0.9704615614880802,0.9111623122797221,0.7916664734046499,0.5493768293858607,0.06381946621317111
0.0030213262197535413,0.9701850183174239,0.9103306008869205,0.7897160245392831,0.5451982382098506,0.06132043192298311
0.003075899957224814,0.9699059861684775,0.909491403821645,0.7877480210028386,0.5409862504869754,0.0588977225710256
0.0031314594514813424,0.9696244426856941,0.9086446538489582,0.7857623051231927,0.5367409272109912,0.05655069773473572
0.003188022508091965,0.9693403653123284,0.9077902831288104,0.7837587178094462,0.5324623529556138,0.05427863376673285
0.0032456072542447066,0.969053731288627,0.906928223210602,0.7817370985392751,0.5281506368923687,0.05208072582725038
0.0033042321445561104,0.9687645176500069,0.9060584050277007,0.7796972853461991,0.5238059137988893,0.04995609016421106
0.0033639159669855384,0.9684727012252147,0.9051807588919076,0.7776391148067737,0.5194283450542632,0.04790376663556227
0.003424677848856301,0.9681782586344695,0.9042952144878728,0.77556242202772,0.5150181196180328,0.045922721467149354
0.003486537262985508,0.9678811662875916,0.9034017008674632,0.7734670406330018,0.5105754549894607,0.044011850238055865
0.0035495140339246996,0.9675814003821098,0.9025001464440758,0.7713528027508684,0.5061005981436854,0.04216998108399297
0.0036136283443131377,0.9672789369013569,0.901590478986906,0.769219539000888,0.5015938264414547,0.040395878107998176
0.0036789007413459193,0.9669737516125438,0.9006726256151558,0.7670670784809892,0.4970554485091586,0.03868824498639552
0.0037453521433588603,0.9666658200648187,0.8997465127921983,0.7648952487545515,0.4924858050859797,0.037045728756711256
0.003813003846532383,0.9663551175873077,0.8988120663196831,0.7627038758375793,0.487885269835046,0.035466923773017016
0.0038818775317164293,0.966041619287138,0.8978692113315943,0.7604927841860092,0.48325425011559,0.033950375813022085
0.003951995271378722,0.9657253000474442,0.8969178722882496,0.7582617966832049,0.47859318771321263,0.03249458632014573
0.004023379536678462,0.9654061345253556,0.8959579729702503,0.756010734627715,0.4739025595254923,0.031098016762804114
0.004096053204667842,0.9650840971499661,0.8949894364723731,0.7537394177213643,0.46918287820029025,0.029759093092231584
0.004170039565623647,0.9647591621202843,0.8940121851974084,0.751447664057787,0.4644346927242601,0.028476210279355506
0.004245362330511223,0.9644313034031677,0.893026140849945,0.7491352901115071,0.4596585889592081,0.02724773691055234
0.004322045638583352,0.9641004947312359,0.8920312244300951,0.7468021107277009,0.4548551901240921,0.026072019821543155
0.004400114065116303,0.9637667096007666,0.8910273562271657,0.744447939112797,0.45002515722061365,0.024947388748256624
0.004479592629285688,0.9634299212695724,0.8900144558132725,0.7420725868260871,0.4451691894004957,0.023872160973188526
0.00456050680218451,0.963090102754856,0.888992442036895,0.7396758637725586,0.4402880242727013,0.022844645945642516
0.004642882514986119,0.9627472268310542,0.8879612330163767,0.7372575781971751,0.4353824381489889,0.02186314985423764
0.00472674616725452,0.9624012660276492,0.8869207461333627,0.7348175366808747,0.4304532462263546,0.020925980130231545
0.00481212463540489,0.9620521926269712,0.88587089802618,0.7323555441385853,0.4255013027050417,0.02003144986052375
0.004899045281316822,0.9616999786619792,0.8848116045831615,0.7298714038195945,0.4205275008409479,0.019177882089685825
0.004987535961103225,0.9613445959140181,0.8837427809359059,0.727364917310649,0.41553277293136753,0.018363613990999617
0.005077625034037561,0.9609860159105575,0.882664341452475,0.7248358845422049,0.41051809023314234,0.017587000887283374
0.005169341371642353,0.9606242099229132,0.8815761997305377,0.7222841037982991,0.40548446281240097,0.016846420103231806
0.00526271436694189,0.9602591489639416,0.8804782685904441,0.719709371730542,0.40043293932515267,0.016140274632092923
0.005357773943881983,0.9598908037857213,0.8793704600682438,0.7171114833768057,0.3953646067281206,0.01546699660074218
0.005454550566919964,0.9595191448772061,0.8782526854086334,0.7144902321852081,0.39028058991924713,0.014825050518579035
0.005553075250787817,0.9591441424618656,0.8771248550578524,0.7118454100440661,0.3851820513074083,0.014212936297162512
0.005653379570431743,0.9587657664952921,0.8759868786565013,0.7091768073185182,0.3800701903109041,0.013629192029094519
0.005755495671131179,0.9583839866627998,0.8748386650323059,0.7064842128946003,0.37494624278437716,0.01307239651635307
0.00585945627880068,0.9579987723769948,0.8736801221928138,0.7037674142315788,0.36981148037382616,0.012541171540043508
0.0059652947104777984,0.9576100927753207,0.8725111573180196,0.7010261974234119,0.36466720979944683,0.012034183865370258
0.006073044885000482,0.9572179167175928,0.8713316767529344,0.6982603472702569,0.3595147720660439,0.011550146977506011
0.00618274133387727,0.9568222127834962,0.8701415860000756,0.6954696473609805,0.3543555416008028,0.011087822545941725
0.0062944192123538705,0.9564229492700733,0.868940789711902,0.6926538801676727,0.34919092531822477,0.010646021616811118
0.006408114310679657,0.9560200941891805,0.8677291916831694,0.6898128271532006,0.34402236161205757,0.010223605534586367
0.006523863065577585,0.9556136152649284,0.8665066948432275,0.6869462688928759,0.3388513192740866,0.009819486596413391
0.006641702571921401,0.955203479931091,0.8652732012482377,0.6840539852113181,0.3336792963396629,0.009432628444176961
0.006761670594623658,0.9547896553285043,0.8640286120733319,0.68113575533564,0.3285078188599005,0.009062046201142747
0.006883805580738576,0.9543721083024265,0.8627728276046888,0.6781913580660577,0.3233384396004908,0.00870680636169199
0.0070081466717834065,0.9539508053998847,0.86150574723155,0.6752205719650659,0.3181727366671533,0.008366026444233473
0.007134733716282461,0.953525712866996,0.8602272694381562,0.6722231755662781,0.313012312057779,0.00803887441882611
0.007263607282537614,0.9530967966462591,0.8589372917956144,0.6691989476040375,0.3078587901414139,0.007724567922364331
0.007394808671629584,0.9526640223738299,0.8576357109536924,0.6661476672648617,0.3027138160642935,0.007422373275350172
0.007528379930653956,0.9522273553767665,0.8563224226325374,0.6630691144617517,0.29757905408326163,0.007131604315294692
0.007664363866196349,0.9517867606702513,0.8549973216143224,0.6599630701323432,0.2924561858270026,0.006851621062643955
0.007802804058050988,0.9513422029547871,0.8536603017348154,0.6568293165618161,0.2873469084856637,0.006581828235808516
0.007943744873186996,0.9508936466133713,0.852311255874874,0.6536676377314028,0.28225293292959763,0.006321673632383862
0.008087231479967068,0.9504410557086397,0.8509500759518632,0.6504778196932561,0.27717598175811897,0.006070646393980705
0.00823330986262286,0.9499843939799911,0.8495766529109968,0.6472596509723316,0.27211778727937447,0.0058282751722409844
0.008382026835991959,0.9495236248406761,0.8481908767165977,0.6440129229958396,0.2670800894226283,0.005594126213597554
0.008533430060520921,0.9490587113748726,0.8467926363432855,0.6407374305507028,0.2620646335845137,0.005367801380151463
0.008687568057539447,0.9485896163347234,0.8453818197670786,0.6374329722693174,0.257073168411036,0.0051489361236942395
0.008844490224810297,0.9481163021373532,0.8439583139564212,0.634099351143793,0.2521074435174107,0.00493719742940671
0.009004246852360247,0.9476387308618591,0.8425220048631241,0.6307363750686835,0.24716920714809057,0.004732281745127942
0.009166889138596836,0.9471568642462699,0.8410727774132308,0.6273438574120823,0.24226020377966706,0.004533912911324557
0.009332469206716343,0.9466706636844826,0.8396105154977975,0.6239216176147836,0.23738217166964343,0.004341840106012702
0.00950104012140812,0.9461800902231683,0.8381351019635893,0.6204694818170468,0.23253684035442948,0.004155835817910447
0.00967265590586057,0.945685104558652,0.8366464186036956,0.6169872835123382,0.22772592810026482,0.003975693860042152
0.009847371559074437,0.9451856670337636,0.8351443461480589,0.6134748642272435,0.22295113931113694,0.0038012274348948626
0.010025243073488673,0.94468173763466,0.8336287642539212,0.6099320742265716,0.21821416189815285,0.0036322672610589763
0.010206327452924843,0.9441732759876187,0.8320995514961795,0.6063587732424981,0.21351666461519,0.003468659770085503
0.010390682730855473,0.9436602413558046,0.8305565853576629,0.6027548312264268,0.2088602943660648,0.0033102653810800076
0.010578367989002567,0.9431425926360093,0.8289997422193176,0.5991201291220686,0.20424667348882458,0.003156956859341519
0.01076944337627188,0.942620288355348,0.8274288973502999,0.5954545596580731,0.19967739702318263,0.0030086177641619077
0.010963970128029384,0.9420932866679477,0.8258439248979912,0.5917580281584056,0.19515402996748973,0.002865140989738374
0.011162010585725727,0.9415615453515891,0.8242446978779173,0.5880304533684816,0.19067810453203038,0.002726427402034272
0.011363628216875364,0.9410250218043251,0.8226310881635802,0.5842717682949452,0.1862511173957917,0.0025923845733604655
0.011568887635396388,0.940483673041066,0.8210029664761999,0.5804819210568418,0.18187452697423184,0.0024629256154527408
0.011777854622317873,0.9399374556901373,0.819360202374371,0.5766608757458007,0.17754975070590412,0.0023379681108963535
0.011990596146861245,0.9393863259898069,0.8177026642436248,0.5728086132927434,0.17327816236613328,0.0022174331419046837
0.012207180387902332,0.9388302397847732,0.8160302192859062,0.5689251323385244,0.1690610894162433,0.0021012444146986417
0.012427676755821264,0.9382691525226333,0.8143427335089644,0.5650104501058328,0.16489981039711155,0.00198932747705987
0.012652155914746827,0.9377030192503094,0.812640071715654,0.5610646032696036,0.16079555237609033,0.001881609026045897
0.012880689805202843,0.9371317946104502,0.8109220974931585,0.5570876488231321,0.15674948845654135,0.0017780163023573571
0.013113351667163375,0.9365554328377957,0.8091886732021295,0.553079664937051,0.1527627353594355,0.0016784765674361653
0.013350216063524609,0.9359738877555085,0.8074396599657497,0.5490407518082836,0.1488363510865987,0.0015829166590441656
0.01359135890400047,0.9353871127714792,0.8056749176587324,0.5449710324961005,0.14497133267531287,0.0014912626208218524
0.013836857469450086,0.9347950608745892,0.8038943048962516,0.5408706537423805,0.14116861405402584,0.0014034394011494472
0.014086790436644483,0.9341976846309462,0.8020976790228224,0.5367397867732221,0.1374290640089569,0.001319370616523638
0.014341237903480745,0.9335949361800835,0.800284896101143,0.5325786280790665,0.13375348427133885,0.001238978374614818
0.014600281414651648,0.9329867672311237,0.7984558109009056,0.5283874001705451,0.13014260773495678,0.0011621831521760335
0.01486400398777879,0.9323731290589138,0.7966102768876099,0.5241663523073293,0.12659709681350362,0.0010889037230285771
0.01513249014001799,0.9317539725001178,0.7947481462113825,0.5199157611973223,0.12311754194706429,0.001019057131443275
0.015405825915145024,0.93112924794928,0.7928692696958511,0.5156359316636302,0.11970446026679282,0.0009525587063648327
0.015684098911130834,0.9304989053548489,0.7909734968270911,0.5113271972768276,0.11635829442651296,0.000889322112081791
0.015967398308214593,0.9298628942151685,0.7890606757426963,0.5069899209501573,0.11307941160960062,0.0008292594311216227
0.016255814897484084,0.9292211635744322,0.7871306532210202,0.5026244954953951,0.10986810271904629,0.0007722812753427152
0.016549441109972075,0.9285736620185979,0.7851832746706416,0.498231344137249,0.10672458175809385,0.0007182969213984682
0.016848371046278534,0.9279203376712734,0.7832183841201339,0.4938109209842721,0.10364898540826127,0.0006672144669580576
0.01715270050672761,0.9272611381895568,0.7812358242082102,0.4893637114544102,0.10064137281091866,0.0006189410042809218
0.017462527022069567,0.9265960107598447,0.7792354361743434,0.48489023265342573,0.0977017255578772,0.000573382807953522
0.017777949884737215,0.9259249020935987,0.777217059849967,0.4803910337045827,0.09482994789568316,0.000530445533805894
0.018099070180666806,0.9252477584230769,0.7751805336503925,0.47586669602811293,0.09202586714747422,0.0004900344262293676
0.01842599082169394,0.9245645254970272,0.7731256945675783,0.47131783356910284,0.08928923435536237,0.00045205453131446006
0.018758816578534333,0.9238751485763399,0.7710523781639254,0.4667450929725933,0.08661972514536935,0.00041641091341865536
0.01909765411436066,0.9231795724296622,0.768960418567279,0.46214915370478643,0.0840169408159321,0.0003830088729566662
0.019442612018985502,0.9224777413289746,0.7668496484673577,0.45753072811940376,0.08148040964996145,0.00035175416338126145
0.01979380084366215,0.9217695990451225,0.7647198991138384,0.4528905614683291,0.0790095884493388,0.000322553205490488
0.020151333136513596,0.9210550888433164,0.7625710003163777,0.4482294318558122,0.0766038642896214,0.0002953132973580499
0.020515323478601855,0.920334153478581,0.7604027804468465,0.443548150135576,0.0742625564915619,0.00026994281833772924
0.020885888520648453,0.9196067351911739,0.7582150664441216,0.4388475597503076,0.07198491880487982,0.00024635142574122376
0.021263147020418524,0.9188727757019483,0.7560076838217774,0.43412853651306094,0.06977014179851966,0.0002244502429318091
0.021647219880779865,0.9181322162077031,0.7537804566790947,0.42939198833022313,0.06761735545043807,0.0002041520377149071
0.02203823018844964,0.9173849973764536,0.7515332077157699,0.42463885486571656,0.06552563192875362,0.00018537139004116537
0.022436303253440985,0.916631059342679,0.7492657582508224,0.4198701071462234,0.06349398855491038,0.00016802484816888524
0.02284156664922187,0.9158703417025383,0.746977928246193,0.4150867471072571,0.06152139093833596,0.00015203107256075833
0.023254150253599743,0.9151027835090213,0.7446695363355337,0.4102898070799273,0.059606756270926875,0.00013731096691520136
0.02367418629034423,0.9143283232670688,0.7423403998587828,0.40548034921834036,0.05774895676860852,0.00012378779585544224
0.024101809371562092,0.913546898928644,0.7399903349030985,0.40065946486756915,0.05594682324615348,0.0001113872889196026
0.024537156540837175,0.912758447887759,0.7376191563507977,0.39582827387218994,0.05419914881046364,0.00010003773061256133
0.024980367317149994,0.9119629069754684,0.7352266779349398,0.3909879238253917,0.05250469265659652,8.967003639483462e-05
0.02543158373959024,0.9111602124548001,0.732812712303236,0.38613958925870573,0.0508621839499852,8.021781459494794e-05
0.025890950412877305,0.9103503000156488,0.7303770710909936,0.3812844707724194,0.049270325777549744,7.161741433915885e-05
0.02635861455370267,0.90953310476963,0.7279195650038164,0.3764237941067801,0.047727799149757846,6.38079596955654e-05
0.02683472603790962,0.9087085612448719,0.7254400039107862,0.3715588091541001,0.04623326703515016,5.673137032787099e-05
0.027319437448525174,0.9078766033807775,0.7229381969488837,0.36669078891193274,0.044785378408430464,5.033236904688103e-05
0.0278129041246593,0.9070371645227302,0.7204139526393841,0.36182102837751323,0.043382772292924254,4.45584767344812e-05
0.02831528421128786,0.9061901774167528,0.7178670790169769,0.35695084338369676,0.04202408177804349,3.935999519478463e-05
0.02882673870993427,0.9053355742041176,0.7152973837723446,0.35208156937669816,0.040707937992370644,3.468997855980315e-05
0.029347431530267105,0.904473286415914,0.7127046744089217,0.34721456013597907,0.039432974013083634,3.0504193941764156e-05
0.029877529542629237,0.9036032449675582,0.7100887584145258,0.3423511864367141,0.03819782869270286,2.6761072080685923e-05
0.030417202631516257,0.9027253801532621,0.7074494434485293,0.33749283465534163,0.03700115038453746,2.3421648783557658e-05
0.030966623750020395,0.9018396216404453,0.704786537545201,0.3326409053188161,0.03584160054875794,2.0449497990217033e-05
0.031525968975258355,0.9009458984641042,0.7020998493337958,0.32779681159826796,0.03471785722170577,1.781065733051561e-05
0.03209541756479983,0.9000441390211243,0.699389188275919,0.3229619777479258,0.03362861833188448,1.5473547057575156e-05
0.032675152014115645,0.8991342710645414,0.6966543649206359,0.3181378374902739,0.03257260484703684,1.3408883252842008e-05
0.033265358115063544,0.8982162216977544,0.693895191177723,0.3133258323485895,0.03154856373781046,1.1589586200419556e-05
0.033866225015430046,0.8972899173686878,0.6911114806093828,0.3085274099281661,0.030555270744729114,9.990684821032997e-06
0.03447794527954836,0.8963552838638991,0.6883030487406613,0.30374402214771473,0.029591532936514738,8.589218040327989e-06
0.035100714950010645,0.895412246302628,0.6854697133887105,0.2989771234226394,0.028656191049238403,7.364133942512363e-06
0.03573473361049552,0.894460729130798,0.6826112950109611,0.2942281688020961,0.027748121597295696,6.296187529168411e-06
0.036380204449729864,0.8935006561149691,0.6797276170721589,0.28949861206198074,0.02686623874880246,5.36783786507728e-06
0.03703733432660654,0.8925319503362253,0.676818506430099,0.28478990375621627,0.026009495959661667,4.5631453488239896e-06
0.03770633383647769,0.89155453418401,0.6738837937398128,0.2801034892289936,0.025176887362261122,3.8676697966119215e-06
0.03838741737864616,0.8905683293499174,0.6709233138758318,0.27544080659085746,0.02436744890649377,3.2683699739434856e-06
0.03908080322507532,0.8895732568214036,0.6679369063720275,0.2708032846618274,0.023580259252543676,2.7535051525188505e-06
0.03978671359034062,0.888569236875474,0.6649244158784552,0.26619234088501487,0.02281444041662272,2.3125392097564675e-06
0.04050537470284412,0.8875561890722772,0.6618856926344391,0.2616093792144987,0.022069158172569495,1.936047726664861e-06
0.04123701687731572,0.8865340322486771,0.658820592957117,0.2570557879815112,0.021343622213902978,1.6156284772750177e-06
0.041981874588623964,0.8855026845117421,0.6557289797444495,0.2525329377432892,0.02063708608255535,1.343815640349162e-06
0.04274018654691967,0.8844620632321832,0.6526107229916633,0.24804217911925328,0.01994884687206379,1.1139980024287096e-06
0.043512195774137515,0.8834120850377362,0.6494657003199528,0.24358484061946312,0.01927824471446927,9.203413612390278e-07
0.044298149681878764,0.8823526658064837,0.6462937975161732,0.23916222647061602,0.01862466206153868,7.577152807308527e-07
0.04509830015070147,0.8812837206601107,0.6430949090821471,0.23477561444512568,0.017987522772174757,6.216242942261692e-07
0.045912903610842166,0.8802051639571087,0.6398689387921418,0.2304262536991268,0.017366291019003343,5.081436007919392e-07
0.04674222112439636,0.8791169092859124,0.6366158002569515,0.22611536262550513,0.016760470028109455,4.138592525330045e-07
0.047586518468982694,0.8780188694579795,0.6333354174929803,0.22184412672833423,0.01616960066673382,3.358127873342444e-07
0.04844606622291908,0.8769109565007974,0.6300277254946106,0.2176136965253312,0.015593259894423638,2.7145022294993736e-07
0.049321139851936646,0.8757930816508452,0.6266926708081344,0.21342518548519362,0.015031059093659892,2.1857529440498823e-07
0.05021201979746039,0.8746651553464724,0.6233302121054081,0.20927966800687056,0.014482642296347456,1.7530678751303445e-07
0.051118991566484556,0.8735270872207346,0.6199403207554184,0.20517817744802344,0.01394768432276066,1.4003979692213034e-07
0.05204234582307101,0.8723787860941431,0.6165229813918511,0.20112170421008793,0.013425888849582452,1.1141071737933784e-07
0.052982378481500496,0.8712201599673661,0.6130781924747873,0.19711119388748494,0.012916986423565462,8.82657616993275e-08
0.053939390801106636,0.8700511160138551,0.6096059668446021,0.19314754548862748,0.012420732437083961,6.963278800339631e-08
0.05491368948282262,0.8688715605724058,0.6061063322661592,0.18923160973644687,0.011936905081444652,5.4696211884300134e-08
0.0559055867674724,0.8676813991396619,0.6025793319614052,0.18536418745618788,0.01146530329328945,4.2774775925297516e-08
0.05691540053583619,0.866480536362535,0.599025025128469,0.18154602805822584,0.011005744708768353,3.330194910175423e-08
0.05794345441052458,0.8652688760305696,0.5954434874454229,0.17777782812360038,0.01055806363939299,2.5808731640051622e-08
0.05899007785969201,0.8640463210682342,0.5918348115568861,0.17406023009988317,0.010122109082621096,1.9908646508167232e-08
0.06005560630262445,0.8628127735271458,0.5881991075417056,0.17039382111484802,0.00969774277927574,1.5284706467906727e-08
0.061140381217233,0.8615681345782182,0.5845365033600004,0.16677913191524427,0.009284837328893106,1.1678155138655644e-08
0.06224475024949036,0.8603123045037471,0.5808471452779258,0.16321663593772187,0.008883274373025907,8.87879142762635e-09
0.06336906732484342,0.8590451826894181,0.5771311982685758,0.159706748518686,0.008492942855429302,6.71669861277095e-09
0.06451369276163829,0.8577666676162516,0.573388846387534,0.1562498262495179,0.008113737366931311,5.0552119877344345e-09
0.06567899338659478,0.8564766568524643,0.5696202931216434,0.15284616648320162,0.00774555658165737,3.7849719891253475e-09
0.06686534265236525,0.8551750470452607,0.5658257617096842,0.14949600699796564,0.0073883017901534235,2.8189228533917086e-09
0.0680731207572184,0.8538617339125594,0.5620054954337158,0.14619952582302773,0.007041875533843156,2.08812985684735e-09
0.06930271476688397,0.8525366122346355,0.5581597578799443,0.1429568412309989,0.006706180344180072,1.5383008766955976e-09
0.07055451873859914,0.8511995758456837,0.5542888331680739,0.13976801190087848,0.0063811175888184996,1.1269102074281661e-09
0.07182893384739418,0.8498505176253235,0.5503930261482142,0.13663303725492432,0.006066586426144339,8.208341443545258e-10
0.07312636851466063,0.8484893294900138,0.5464726625644876,0.13355185797195807,0.005762482868578795,5.944187054067805e-10
0.07444723853904098,0.8471159023843869,0.5425280891846013,0.13052435667891685,0.005468698954208332,4.2790993507991567e-10
0.07579196722968268,0.8457301262725184,0.5385596738947553,0.1275503588216503,0.0051851220255016775,3.0618647895627254e-10
0.07716098554189976,0.844331890129108,0.5345678057593309,0.12462963371511254,0.004911634113155851,2.1774251629782803e-10
0.0785547322152835,0.8429210819305876,0.5305528950449301,0.12176189577221401,0.004648111422470166,1.5387669487649297e-10
0.07997365391430909,0.8414975886461432,0.5265153732084009,0.11894680590967054,0.004394423919077242,1.0804944693241827e-10
0.08141820537148133,0.8400612962286559,0.5224556928485947,0.1161839731282381,0.0041504350103674,7.537701210414684e-11
0.0828888495330668,0.8386120896055722,0.518374327621685,0.11347295626374296,0.0039160013185206895,5.2235697135247393e-11
0.08438605770745675,0.8371498526696864,0.5142717721199496,0.1108132659043277,0.0036909725407104563,3.59544155191318e-11
0.08591030971621148,0.8356744682698255,0.5101485417139924,0.10820436646831964,0.0034751913917561747,2.4577430283438003e-11
0.08746209404783206,0.8341858182014711,0.5060051723584822,0.10564567843612789,0.0032684936242811883,1.6682529688621763e-11
0.08904190801431058,0.8326837831972983,0.5018422203615214,0.10313658072856609,0.0030707081212642488,1.1242659100730039e-11
0.09065025791050646,0.8311682429175963,0.49766026211782177,0.10067641322300686,0.002881657055760023,7.521371976423256e-12
0.09228765917640319,0.8296390759406531,0.49345989380596383,0.09826447939779571,0.002701156112495748,4.994405617445858e-12
0.09395463656229516,0.8280961597530109,0.48924173104999924,0.09590004909441795,0.0025290147660256396,3.291286573828803e-12
0.09565172429695809,0.8265393707396588,0.4850064085457768,0.09358236138599745,0.002365036610133941,2.152175665669646e-12
0.09737946625885814,0.8249685841741226,0.48075457965235613,0.09131062753984963,0.0022090197332187704,1.3962184268764665e-12
0.09913841615045157,0.823383674208478,0.4764869159489628,0.0890840340610156,0.0020607571344569463,8.98513512142841e-13
0.1009291376756347,0.8217845138632671,0.47220410675793323,0.0869017458029521,0.0019200371756388909,5.734847139618428e-13
0.10275220472039792,0.8201709750173184,0.4679068586341556,0.0847629091309004,0.0017866440636720568,3.629725860072832e-13
0.10460820153674409,0.8185429283974838,0.4635958948215471,0.08266665512286822,0.0016603583588746616,2.2777582415857307e-13
0.10649772292992694,0.8169002435682979,0.4592719546771203,0.08061210279266953,0.001540957504318206,1.416930632472624e-13
0.10842137444907358,0.815242788921504,0.45493579306321996,0.07859836231906993,0.001428216371623768,8.736153554828177e-14
0.11037977258124901,0.8135704316655219,0.4505881797085645,0.07662453826479798,0.0013219078187729498,5.3375791257491037e-14
0.11237354494902715,0.811883037814814,0.4462298985387191,0.07468973276900008,0.0012218032556571986,3.231026829389571e-14
0.11440333051162856,0.8101804721791349,0.441861746976679,0.07279304869665773,0.0011276732132590051,1.9374333078365565e-14
0.11646977976969329,0.8084625983527137,0.4374845352142656,0.07093359272853626,0.0010392879125339643,1.1505848590292848e-14
0.11857355497375155,0.8067292787033241,0.4330990854550624,0.06911047837541956,0.0009564178292446913,6.76596660691051e-15
0.12071533033645983,0.804980374361246,0.4287062311296566,0.06732282890068583,0.0008788342511848036,3.9388709696825465e-15
0.1228957922486719,0.8032157452081641,0.4243068160839991,0.06556978013571309,0.0008063098244250212,2.26962174002883e-15
0.1251156394994102,0.8014352498659107,0.4199016937417084,0.06385048317316186,0.0007386190854132576,1.2941415784956883e-15
0.12737558349981298,0.7996387456851601,0.41549172624123165,0.0621641069238569,0.0006755389759669158,7.300640334339009e-16
0.129676348511125,0.7978260887339946,0.4110777835487836,0.06050984052379892,0.0006168493384088568,4.0737345240524126e-16
0.13201867187680813,0.7959971337863737,0.40666074254806023,0.05888689557874721,0.0005623333883184141,2.247895612343169e-16
0.13440330425884173,0.7941517343104959,0.40224148610778904,0.057294508234848975,0.0005117781625956533,1.2263306380274568e-16
0.13683100987829397,0.7922897424570597,0.3978209021282249,0.055731941064915226,0.00046497494077034227,6.612723436614962e-17
0.13930256676023725,0.7904110090474202,0.3933998825677883,0.05419848476117001,0.0004217196377266722,3.523588148280036e-17
0.1418187669830875,0.7885153835616391,0.38897932245111316,0.05269345962660755,0.0003818131662597695,1.854850208093667e-17
0.14438041693244863,0.7866027141264194,0.384560118859845,0.05121621685847415,0.00034506176812980994,9.643535522095242e-18
0.1469883375595392,0.7846728475029401,0.38014316990764435,0.04976613961883478,0.00031127731253287766,4.950473126276515e-18
0.14964336464429004,0.7827256290745899,0.3757293737009184,0.04834264388866957,0.00028027756116320385,2.5085339397985158e-18
0.1523463490631924,0.7807609028345538,0.37131962728690715,0.04694517910347729,0.00025188639929806656,1.2543656504246057e-18
0.1550981570619858,0.7787785113733445,0.36691482559088096,0.04557322856990217,0.00022593403259206596,6.187844146398207e-19
0.1578996705332686,0.7767782958661719,0.36251586034427946,0.044226309664450375,0.00020225714952055792,3.010300128265598e-19
0.16075178729912598,0.7747600960602267,0.3581236190057658,0.042903973816901184,0.0001806990496602679,1.4439094832106903e-19
0.163655421398861,0.7727237502618493,0.3537389836772727,0.04160580628253278,0.00016110973823708484,6.82491431632151e-20
0.16661150338192504,0.7706690953235577,0.34936283001723606,0.040331425708750944,0.00014334598760412033,3.179222116713378e-20
0.16962098060613603,0.7685959666309926,0.34499602615336245,0.03908048350313094,0.0001272713665359086,1.4576713857571664e-20
0.17268481754128656,0.7665041980897395,0.34063943159737214,0.03785266301122872,0.00011275623843455322,6.5889489278048356e-21
0.17580399607823452,0.764393622112009,0.33629389616429595,0.036647678513783116,9.967772973935178e-05,2.9223836571377423e-21
0.1789795158435766,0.7622640696032287,0.3319602588990535,0.03546527405410145,8.79196700107882e-05,1.2837126557061562e-21
0.1822123945200077,0.7601153699485255,0.32763934701315317,0.034305222107489486,7.737250532145008e-05,5.46088135328837e-22
0.18550366817246308,0.7579473509990247,0.3233319748344455,0.03316732210552352,6.793318672875126e-05,2.3657845791520104e-22
0.18885439158015538,0.7557598390581337,0.3190389427730881,0.032051398828804006,5.950503572645498e-05,9.254559631504498e-23
0.19226563857460688,0.7535526588676195,0.3147610363068682,0.03095730068250655,5.1997588672627656e-05,4.335760236713481e-23
0.1957385023837899,0.7513256335936137,0.3104990249892492,0.0298848978696098,4.5326422270437624e-05,1.1822359939441274e-23
0.19927409598247947,0.7490785848125321,0.30625366148357713,0.028834080477098834,3.941296223456919e-05,1.0100835457184445e-23
0.20287355244893837,0.7468113324968146,0.3020256806269486,0.02780475649070452,3.418427730993289e-05,-1.489487248917435e-24
0.20653802532804222,0.7445236950006513,0.2978157985274214,0.026796849753889525,2.9572860821079658e-05,4.74260531456141e-24
0.21026868900096654,0.7422154890455261,0.29362471169821575,0.02581029788676926,2.551640192062485e-05,-3.476950862269263e-24
0.21406673906154694,0.7398865297057562,0.289453096232738,0.024845050180522455,2.1957548673982197e-05,3.899387612486626e-24
0.21793339269944173,0.7375366303938904,0.2853016070242004,0.023901065482570098,1.884366506674741e-05,-3.7055445842159566e-24
0.22186988909021346,0.7351656028461074,0.28117087703373533,0.02297831008740086,1.612658395149292e-05,3.733290306848128e-24
0.2258774897924563,0.7327732571075296,0.27706151661085565,0.022076755647416686,1.376235786409328e-05,-3.684389288526116e-24
0.22995747915209913,0.7303594015175678,0.27297411287014745,0.02119637711754054,1.1711009537635693e-05,3.662655610067373e-24
0.2341111647140067,0.7279238426952508,0.2689092291280408,0.020337150746625562,9.93628382648721e-06,-3.632728950064028e-24
0.23833987764102024,0.7254663855246434,0.2648674044034493,0.01949905212789711,8.405402626098553e-06,3.6063458799054345e-24
0.24264497314056435,0.7229868331403481,0.2608491529860007,0.018682054319790756,7.0888242378567615e-06,-3.579673768832722e-24
0.2470278308989623,0.7204849869131726,0.25685496407548036,0.017886126047617874,5.960008484823076e-06,3.553905253325752e-24
0.25148985552359165,0.7179606464360553,0.2528853014959743,0.017111229995510437,4.99518873581364e-06,-3.5286513137807265e-24
0.2560324769930314,0.7154136095102888,0.24894060348802508,0.01635732119707996,4.17315184406901e-06,3.5040088562041986e-24
0.26065715111533716,0.7128436721321646,0.24502128258192538,0.01562434553219322,3.475026854940098e-06,-3.479930026834867e-24
0.26536535999459476,0.7102506284801753,0.24112772555506276,0.014912238336220357,2.884083186529661e-06,3.456409575153259e-24
0.27015861250590323,0.7076342709028745,0.23726029347593197,0.01422092312705851,2.385538840047009e-06,-3.433430681167315e-24
0.27503844477893197,0.7049943899075999,0.23341932183716801,0.013550310454207301,1.96637905445233e-06,3.410980175471535e-24
0.2800064206902183,0.7023307741502406,0.22960512077959735,0.012900296873152112,1.615185684420072e-06,-3.3890443768197694e-24
0.28506413236435335,0.6996432104262378,0.2258179754089525,0.012270764047330686,1.3219774530512856e-06,3.3676101859957136e-24
0.29021320068422457,0.696931483663147,0.2220581462064813,0.011661577979009411,1.078061112340204e-06,-3.3466647976291605e-24
0.2954552758104688,0.6941953769149852,0.21832586953426092,0.011072588369491798,8.758934360308234e-07,3.3261957620909825e-24
0.300792037710314,0.6914346713587505,0.21462135823554487,0.010503628108228445,7.089538719544077e-07,-3.306190962532525e-24
0.30622519669596965,0.688649146293468,0.21094480232997911,0.00995451288959383,5.716275946455393e-07,3.2866386105510613e-24
0.31175649397274596,0.6858385791422037,0.20729636980298208,0.009425040955347573,4.590986243111827e-07,-3.2675272383428767e-24
0.31738770219706736,0.6830027454575431,0.203676207488056,0.00891499296011303,3.672526150659954e-07,3.2488456907917168e-24
0.32312062604457137,0.6801414189310143,0.20008444204016157,0.008424131956567509,2.925888636453959e-07,-3.230583118162062e-24
0.328957102788466,0.6772543714071602,0.1965211809977515,0.007952203496472153,2.3214104918707896e-07,3.2127289685530114e-24
0.33489900288833396,0.674341372902793,0.19298651393038524,0.007498935843150306,1.8340618467647585e-07,-3.1952729798667934e-24
0.34094823058957535,0.6714021916322698,0.18948051366823862,0.007064040290561159,1.4428124060343288e-07,3.178205172447212e-24
0.34710672453367164,0.6684365940394936,0.18600323760918946,0.006647211583711403,1.1300689057040085e-07,-3.161515841899908e-24
0.35337645837947934,0.6654443448375723,0.18255472909848838,0.006248128434789492,8.81178261378994e-08,3.145195551305323e-24
0.3597594414357419,0.6624252070569846,0.17913501887539304,0.005866454129096259,6.839909323316291e-08,-3.129235124226476e-24
0.3662577193050309,0.6593789421032941,0.17574412658052538,0.005501837214588671,5.2847913989896356e-08,3.1136256369431292e-24
0.3728733745393113,0.6563053098255541,0.17238206231708256,0.005153912268627193,4.0640475012688356e-08,-3.0983584125387185e-24
0.37960852730735534,0.6532040685963455,0.16904882825838716,0.004822300735336269,3.110318476923753e-08,3.0834250126025e-24
0.38646533607420763,0.6500749754048466,0.16574442029377504,0.0045066118268452665,2.368792821705569e-08,-3.0688172315659072e-24
0.3934459982929278,0.6469177859640537,0.16246882970418172,0.004206443481562928,1.7950874937547863e-08,3.054527089557894e-24
0.40055275110882,0.6437322548335567,0.15922204485835487,0.003921383372562629,1.3534427187601462e-08,-3.0405468258794888e-24
0.4077878720763907,0.6405181355591715,0.1560040529201361,0.0036510099591070227,1.0151925582963054e-08,3.0268688930813488e-24
0.4151536798892533,0.637275180830889,0.15281484155685351,0.0033948935743207467,7.574761950943942e-09,-3.013485950151618e-24
0.422652535123216,0.6340031426605336,0.14965440063850993,0.003152597542027291,5.6215805900151054e-09,3.0003908570953943e-24
0.430286840992797,0.6307017725806581,0.14652272391720877,0.0029236793158071168,4.149280270461754e-09,-2.9875766688199536e-24
0.4380590441213956,0.6273708218661349,0.14341981067599113,0.0027076916333910826,3.0455593344055454e-09,2.975036629444346e-24
0.44597163532538325,0.6240100417799205,0.14034566733618897,0.0025041836795980173,2.222774894989426e-09,-2.9627641665297278e-24
0.4540271504123525,0.6206191838444955,0.1373003090122782,0.0023127022511382034,1.612914090519313e-09,2.9507528860295472e-24
0.4622281709937899,0.6171980001404815,0.1342837610032986,0.0021327929167510484,1.163500464684328e-09,-2.9389965670519895e-24
0.47057732531241914,0.6137462436337999,0.13129606020999832,0.001964001166315169,8.342816606674682e-10,2.9274891560772775e-24
0.4790772890844973,0.6102636685327796,0.12833725646703262,0.0018058735427677565,5.94565708517878e-10,-2.9162247630816563e-24
0.487730786357321,0.6067500306766384,0.12540741377992687,0.0016579587508996844,4.2109220849728167e-10,2.905197655546757e-24
0.49654059038222087,0.6032050879563332,0.12250661145680392,0.0015198087373449766,2.9634173830927925e-10,-2.8944022549087465e-24
0.5055095245033309,0.5996286007692406,0.11963494512541169,0.0013909797363681863,2.0720187779175822e-10,2.8838331310767714e-24
0.5146404630624,0.5960203325084421,0.11679252762652645,0.001271033276365864,1.4392148469323875e-10,-2.873484998796596e-24
0.5239363323199587,0.5923800500876911,0.11397948977548068,0.0011595371423341286,9.929635809484972e-11,2.8633527126068938e-24
0.5334001113931175,0.5887075245027806,0.11119598098427735,0.00105606628992016,6.803936003225363e-11,-2.853431263537118e-24
0.5430348332103107,0.5850025314299131,0.10844216973756553,0.0009602037070639848,4.6296542266514154e-11,2.8437157743583086e-24
0.5528435854832761,0.5812648518616015,0.10571824391668701,0.0008715412196501168,3.1278022408188296e-11,-2.8342014961728716e-24
0.5628295116966011,0.5774942727802753,0.10302441096685848,0.0007896802380187837,2.0978385203944165e-11,2.8248838043898015e-24
0.5729958121151368,0.5736905878697649,0.10036089790369665,0.0007142324416400789,1.3966422305124475e-11,-2.815758195180236e-24
0.5833457448096152,0.5698535982645262,0.09772795115624527,0.0006448203997183348,9.228168975500015e-12,2.8068202820140296e-24
0.5938826267007811,0.5659831133362069,0.09512583624484558,0.0005810781259721635,6.050603009018837e-12,-2.7980657918745056e-24
0.604609834622395,0.5620789515171035,0.09255483729327714,0.0005226515663201293,3.936121862547858e-12,2.789490562579531e-24
0.6155308064034315,0.5581409411597084,0.09001525637580822,0.00046919901869384823,2.54014022781876e-12,-2.781090538666009e-24
0.6266490419698246,0.5541689214312643,0.08750741270095534,0.00042039148468804864,1.6259119943922082e-12,2.772861769294587e-24
0.6379681044661205,0.5501627432422471,0.0850316416348946,0.000375912953242117,1.0320861310854475e-12,-2.7648004042095652e-24
0.6494916213973778,0.5461222702071612,0.0825882935686769,0.00033546061702510494,6.495939880105453e-13,2.756902691761421e-24
0.6612232857917063,0.5420473796360576,0.08017773263454235,0.00029874502265844077,4.053230221356945e-13,-2.7491649752971734e-24
0.6731668573837969,0.5379379635548069,0.07780033527772369,0.00026549015635592973,2.506788751602891e-13,2.7415836908778877e-24
0.6853261638198374,0.5337939297520047,0.07545648869121113,0.00023543346698393173,1.5364345151818458e-13,-2.7341553644324326e-24
0.697705101884179,0.5296152028501313,0.07314658912198287,0.00020832582894192122,9.330612260470062e-14,2.7268766090226192e-24
0.7103076387481734,0.5254017253984838,0.07087104005815906,0.00018393144763128783,5.6133915847663145e-14,-2.719744123089876e-24
0.7231378132415593,0.5211534589849557,0.06863025030739026,0.00016202771061359265,3.3448348849768344e-14,2.7127546869021847e-24
0.7361997371468226,0.5168703853639056,0.06642463197769059,0.00014240498785815782,1.9736715567426975e-14,-2.705905161152066e-24
0.7494975965169208,0.512552507596947,0.06425459837254757,0.00012486638473663172,1.1530128535804085e-14,2.699192484202866e-24
0.7630356530168254,0.5081998512033528,0.062120561812834964,0.00010922745163996808,6.6675937253443915e-15,-2.692613670121413e-24
0.776818245289288,0.503812465316732,0.06002293139856942,9.531585426757113e-05,3.815714291441606e-15,2.6861658064011528e-24
0.790849790345276,0.4993904238444525,0.05796211072396282,8.297100876900851e-05,2.160625512915414e-15,-2.679846051880721e-24
0.8051347849795322,0.49493382662616925,0.05593849555960539,7.204368600555094e-05,1.2101732479684918e-15,2.6736516349893326e-24
0.819677807211686,0.49044280058780265,0.053952471515756564,6.239558924000428e-05,6.70412888462458e-16,-2.6675798516730977e-24
0.8344835177534132,0.48591750088718716,0.0520044117009105,5.389890956268144e-05,3.6715491940115085e-16,2.661628063210329e-24
0.849556661502085,0.4813581120475286,0.05009467438973979,4.643586331714799e-05,1.9882267558595092e-16,-2.65579369489313e-24
0.8649020690614085,0.4767648490749796,0.04822360071447605,3.989821570589851e-05,1.0634350518388984e-16,2.6500742341203403e-24
0.8805246582895161,0.47213795855637963,0.04639151239358376,3.4186794633569484e-05,5.625551981977469e-17,-2.644467228502917e-24
0.8964294358750351,0.46747771973341257,0.044598709511220976,2.9210998688268954e-05,2.9336718326502407e-17,2.638970284221342e-24
0.9126214989416174,0.46278444554938547,0.042845468360692106,2.4888302972428873e-05,1.5163929714326978e-17,-2.633581064792372e-24
0.9291060366814511,0.4580584836649694,0.04113203936455889,2.1143766276929768e-05,7.681725367077023e-18,2.6282972890979614e-24
0.9458883320182874,0.4533002174391181,0.039458645083468205,1.7909542850031817e-05,3.895614611542903e-18,-2.6231167300866662e-24
0.9629737633004877,0.4485100668717904,0.03782547832529179,1.5124401750839757e-05,1.894488174558307e-18,2.6180372131919953e-24
0.9803678060246707,0.4436884895048939,0.036232700365301934,1.2733256498034026e-05,9.621045844064293e-19,-2.613056615056007e-24
0.9980760345904821,0.43883598127818013,0.03468043928741921,1.068670743482092e-05,4.280947977994177e-19,2.608172862118259e-24
1.016104124087073,0.4339530773367997,0.03316878845576619,8.940598933498621e-06,2.3871727804170787e-19,-2.6033839292734305e-24
1.0344578521118248,0.42904035278762975,0.03169780512492749,7.4555932624769945e-06,7.675166581039785e-20,2.5986878384099418e-24
1.0531431006219496,0.4240984234012475,0.03026750919639222,6.196762638892895e-06,7.007915021364839e-20,-2.5940826574654533e-24
1.0721658578195188,0.41912794625696864,0.02887788212775046,5.1332006953120655e-06,-2.5528775286756023e-21,2.589566499083596e-24
1.0915322200705573,0.4141296203282575,0.027528866000305574,4.237654302737412e-06,3.292146981064062e-20,-2.585137519312485e-24
1.1112483938587783,0.4091041870061051,0.026220362749804774,3.4861764176438205e-06,-1.9278935828418466e-20,2.580793916607934e-24
1.1313206977746304,0.40405243055818757,0.02495223356403547,2.857800360968993e-06,2.5114041935165648e-20,-2.576533930751453e-24
1.151755564540262,0.3989751785215621,0.02372429845006807,2.3342356942776037e-06,-2.247340437201793e-20,2.572355841594187e-24
1.1725595430710616,0.39387330202711085,0.022536335973013837,1.8995856349067324e-06,2.346408359891228e-20,-2.568257968193196e-24
1.1937393005744465,0.3887477160539209,0.021388083167203645,1.5400857492271246e-06,-2.292963069676312e-20,2.564238667734618e-24
1.215301624686541,0.3835993796119668,0.020279235619763976,1.2438634825021183e-06,2.3028569325713365e-20,-2.5602963345506993e-24
1.2372534256474674,0.37842929585165336,0.01920944772567727,1.000717925836563e-06,-2.2873033572220354e-20,2.5564293991675254e-24
1.2596017385159208,0.3732385120988914,0.018178333112506582,8.019190856800178e-07,2.2821571082909362e-20,-2.5526363273925415e-24
1.2823537254237556,0.3680281198145274,0.0171854652321351,6.400258091417232e-07,-2.2731952468118637e-20,2.54891561931222e-24
1.305516677871273,0.3627992544770872,0.01623037811604162,5.087214284854907e-07,2.2659436540644575e-20,-2.5452658086371388e-24
1.329098019063993,0.35755309538776314,0.015312567289745789,4.026661197241153e-07,-2.258287790176723e-20,2.5416854616179636e-24
1.3531053062916196,0.35229086539689547,0.014431490841398529,3.1736492214834553e-07,2.2510119181241992e-20,-2.538173176421162e-24
1.3775462333499935,0.34701383055119456,0.01358657063871732,2.4905033642097836e-07,-2.2438227028734094e-20,2.534727582169052e-24
1.4024286330067641,0.34172329966086173,0.012777193687675803,1.9457840702032366e-07,2.2368194665799786e-20,-2.5313473383022326e-24
1.427760479511626,0.33642062378612764,0.012002713625812058,1.5133719854385895e-07,-2.2299617223786877e-20,2.5280311337040082e-24
1.4535498911518847,0.331107195642577,0.011262452342348501,1.1716659287389105e-07,2.2232579337790558e-20,-2.524777685938598e-24
1.4798051328541812,0.32578444892463604,0.010555701716627794,9.028836350338636e-08,-2.2167000401402122e-20,2.5215857407540473e-24
1.5065346188332287,0.32045385754692,0.009881725465978687,6.924552261271204e-08,2.2102856524281357e-20,-2.518454071346424e-24
1.5337469152883596,0.31511693480281766,0.009239761093512204,5.284998378742329e-08,-2.204010692866635e-20,2.5153814772980124e-24
1.561450743148813,0.3097752324399141,0.008629021925892544,4.013763689631078e-08,2.1978717698540747e-20,-2.5123667844945554e-24
1.5896549808685891,0.3044303396518448,0.008048699230752585,3.032998978198761e-08,-2.191865422886419e-20,2.509408844041659e-24
1.618368667271809,0.29908388198613084,0.007497964403015275,2.2801592604138825e-08,2.1859883492254716e-20,-2.506506531972569e-24
1.6476010044494325,0.2937375201677047,0.006975971209118138,1.7052523360979413e-08,-2.1802373310011813e-20,2.5036587482877146e-24
1.6773613607083366,0.2883929488376428,0.0064818580778257424,1.268527616160268e-08,2.1746092514918053e-20,-2.500864416969635e-24
1.707659273573643,0.2830518952068854,0.006014750426158639,9.385455994041445e-09,-2.1691010860068828e-20,2.4981224844805495e-24
1.7385044528452773,0.27771611762454324,0.005573763008809035,6.905744242466e-09,2.1637098997873193e-20,-2.4954319203168487e-24
1.769906783709755,0.27238740406060213,0.0051580022793419915,5.052657146975286e-09,-2.1584328446663305e-20,2.4927917155346866e-24
1.8018763299081413,0.26706757050279856,0.00476656875146127,3.6756743253983806e-09,2.1532671557474593e-20,-2.4902008827684726e-24
1.8344233369612672,0.26175845926750857,0.004398559348703487,2.6583657914117267e-09,-2.1482101486025405e-20,2.4876584553831744e-24
1.8675582354531821,0.2564619372246554,0.004053069731021497,1.9111934658684436e-09,2.1432592162803828e-20,-2.4851634874580585e-24
1.9012916443739358,0.25117989393671863,0.0037291965869449863,1.3657066538460635e-09,-2.138411826686267e-20,2.482715052763499e-24
1.935634374522704,0.24591423971189533,0.003426039880232808,9.698904534117079e-10,2.1336655198955788e-20,-2.4803122446188577e-24
1.9705974319724209,0.24066690357189258,0.0031427050403370835,6.844614396156782e-10,-2.1290179057209773e-20,2.4779541753193187e-24
2.0061920215969713,0.23543983113476907,0.002878305086354285,4.799365141973048e-10,2.1244666611694076e-20,-2.475639975809012e-24
2.0424295506621153,0.2302349824136372,0.0026319626746685045,3.3432853017406717e-10,-2.1200095282827495e-20,2.473368795060319e-24
2.0793216324812387,0.22505432953187007,0.0024028120610001262,2.3134659208246363e-10,2.1156443118660678e-20,-2.471139799799312e-24
2.1168800901371725,0.21989985435631862,0.002190000968239195,1.5899987555486464e-10,-2.111368877368667e-20,2.4689521740068624e-24
2.1551169602712226,0.21477354604974885,0.001992692352096246,1.085218646110395e-10,2.107181148847773e-20,-2.4668051187244953e-24
2.194044496940638,0.2096773985441454,0.001810066057336906,7.354717638830752e-11,-2.1030791070454533e-20,2.4646978513581066e-24
2.233675175545778,0.20461340793727803,0.001641320358191853,4.9486106509530503e-11,2.0990607875231694e-20,-2.4626296054417805e-24
2.2740216968281723,0.199583569814455,0.0014856733773313925,3.305277852072517e-11,-2.0951242787693734e-20,2.4605996304579063e-24
2.3150969909408383,0.19458987649845222,0.0013423643786979165,2.191177756571565e-11,2.0912677206014533e-20,-2.4586071910408838e-24
2.3569142215920977,0.18963431423072982,0.00121065493040467,1.441545272509354e-11,-2.0874893023905718e-20,2.4566515672034786e-24
2.399486790264267,0.18471886028754986,0.0010898299348309876,9.41011011714912e-12,2.0837872616308975e-20,-2.4547320532974954e-24
2.442828340508503,0.17984548003471001,0.0009791985239955838,6.094105591298478e-12,-2.0801598821389457e-20,2.4528479583904554e-24
2.486952762317274,0.17501612392547283,0.0008780948192666084,3.914766092937254e-12,2.07660549281534e-20,-2.4509986055206953e-24
2.531874196575777,0.17023272444647172,0.0007858785554082181,2.4940899910640445e-12,-2.073122466202494e-20,2.4491833314452665e-24
2.5776070395937998,0.16549719301699814,0.0007019355699244117,1.5756418750411852e-12,2.0697092169357426e-20,-2.4474014863738875e-24
2.6241659477193777,0.16081141684727185,0.000625678159568879,9.868890333757628e-13,-2.066364200632647e-20,2.445652433651946e-24
2.671565842035848,0.15617725576203226,0.0005565453068074956,6.127313604491861e-13,2.0630859125095525e-20,-2.443935549514896e-24
2.719821913143716,0.1515965389961876,0.0004940027798639529,3.7703791840002933e-13,-2.0598728862774476e-20,2.442250222687414e-24
2.7689496260288937,0.14707106196976896,0.0004375431107954792,2.2989841200678165e-13,2.0567236927542677e-20,-2.4405958544638202e-24
2.8189647250189043,0.1426025830496276,0.00038668545679922345,1.3887997540837408e-13,-2.0536369390266552e-20,2.438971857718677e-24
2.8698832388285513,0.13819282030620186,0.00034097535064373164,8.310320131112618e-14,2.0506112670749333e-20,-2.4373776573844578e-24
2.9217214856967826,0.13384344827386974,0.0002999843467441701,4.9246825567723095e-14,-2.047645352959164e-20,2.435812689826362e-24
2.974496078616309,0.12955609472379317,0.00026330956994606374,2.889659746849656e-14,2.0447379055847884e-20,-2.4342764027321805e-24
3.0282239306577172,0.12533233745872704,0.000230573174553574,1.678466722147267e-14,-2.0418876660067247e-20,2.4327682546705767e-24
3.082922260389695,0.12117370113950086,0.0002014217215181731,9.649876377406212e-15,2.039093406104894e-20,-2.431287715014905e-24
3.1386085973972175,0.11708165415334454,0.00017552548200711187,5.489284815010099e-15,-2.0363539281023998e-20,2.4298342637593015e-24
3.1953007878993795,0.11305760553456994,0.00015257767577866264,3.0896668432762286e-15,2.033668063353063e-20,-2.428407391067984e-24
3.253017000468702,0.10910290194826484,0.00013229365291277627,1.7195273094039464e-15,-2.0310346716600923e-20,2.4270065973480077e-24
3.3117757318537744,0.10521882474797806,0.00011441002747986468,9.468241200957948e-16,2.028452640429373e-20,-2.4256313926452712e-24
3.3715958129070125,0.1014065871185636,9.868377168389935e-05,5.149054379232232e-16,-2.025920883810768e-20,2.424281296982891e-24
3.4324964146195445,0.09766733131576474,8.489127887997037e-05,2.772635876055945e-16,2.0234383420638777e-20,-2.4229558395191907e-24
3.4944970542650715,0.09400212601390055,7.282740365705109e-05,1.470240198854703e-16,-2.0210039807422845e-20,2.421654558899426e-24
3.5576176016547425,0.09041196377290536,6.230448689235242e-05,7.751290246911936e-17,2.0186167899659207e-20,-2.420377002626548e-24
3.6218782855049403,0.0868977586366589,5.315137333785031e-05,3.986320829162824e-17,-2.0162757837786156e-20,2.4191227272854416e-24
3.6872996999201586,0.08346034387380216,4.5212428886202716e-05,2.0731091566719263e-17,2.0139799994586292e-20,-2.4178912979469215e-24
3.753902810992934,0.08010046987255488,3.8346564204718605e-05,1.0150548452080851e-17,-2.0117284968274767e-20,2.4166822883261454e-24
3.821708963523039,0.07681880220057992,3.2426270919306084e-05,5.384244255720289e-18,2.009520357804108e-20,-2.415495280276221e-24
3.890739887857962,0.07361591984086259,2.7336675990580854e-05,2.3254188655481273e-18,-2.007354685585034e-20,2.414329863919595e-24
3.9610177068570316,0.07049231361405593,2.2974619353674793e-05,1.44962207735721e-18,2.0052306041623662e-20,-2.4131856373230185e-24
4.03256494298128,0.06744838479761527,1.924775930983632e-05,3.7220705692470105e-19,-2.003147257807299e-20,2.412062206425086e-24
4.105404525511385,0.0644844439513756,1.6073709559099682e-05,4.953421202038692e-19,2.0011038104137308e-20,-2.4109591845472976e-24
4.1795597978960135,0.06160070995867442,1.3379211166318611e-05,-8.905027122918979e-20,-1.9990994451111995e-20,2.4098761928674874e-24
4.255054525232833,0.058797309291840794,1.1099342160720508e-05,2.7726811511594747e-19,1.9971333635893472e-20,-2.40881285955819e-24
4.331912901884714,0.05607427550947419,9.176766891004401e-06,-1.9214897744863308e-19,-1.9952047857516923e-20,2.4077688201823455e-24
4.410159559233468,0.05343154899270944,7.561026701423363e-06,2.307509876765063e-19,1.993312949144251e-20,-2.4067437172141246e-24
4.489819573573686,0.05086897692723556,6.207872963970913e-06,-2.1420593040590282e-19,-1.9914571084748513e-20,2.4057372000772002e-24
4.5709184741490745,0.048386313535628105,5.078643001774288e-06,2.218239067649169e-19,1.989636535340353e-20,-2.404748924904873e-24
4.6534822513340375,0.045983220564855966,4.139678978783566e-06,-2.1900642549780376e-19,-1.9878505175426058e-20,2.4037785544127234e-24
4.737537364962989,0.043659268032319766,3.361789408005588e-06,2.2059869184326676e-19,1.9860983588307544e-20,-2.40282575782915e-24
4.8231107528101775,0.04141393523225487,2.7197525518340714e-06,-2.203395708310229e-19,-1.9843793784415186e-20,2.4018902106891683e-24
4.910229839222575,0.03924661200394592,2.191860653589315e-06,2.2082483574158474e-19,1.9826929106587955e-20,-2.4009715947206343e-24
4.998922543908803,0.037156600261476824,1.7595036512075812e-06,-2.2099817567553725e-19,-1.981038304590833e-20,2.400069597842555e-24
5.089217290886762,0.035143115783613905,1.4067907798746625e-06,2.212823316789927e-19,1.9794149235697238e-20,-2.3991839136966655e-24
5.181143017592883,0.033205290260979355,1.120208273267815e-06,-2.2151195211481705e-19,-1.9778221449234385e-20,2.398314241981543e-24
5.2747291841559605,0.0313421735970685,8.883112175186845e-07,2.217511103725323e-19,1.9762593596321774e-20,-2.3974602880639144e-24
5.370005782838405,0.029552736456906075,7.014474995450685e-07,-2.219760682255507e-19,-1.9747259719420142e-20,2.3966217627577154e-24
5.467003347648126,0.027835873057455333,5.515117165375726e-07,2.2219600782493794e-19,1.9732213990116216e-20,-2.3957983827360176e-24
5.56575296412398,0.026190404191163717,4.317268757823199e-07,-2.2240799429385824e-19,-1.971745070745156e-20,2.3949898696589385e-24
5.666286279298021,0.02461508047338988,3.364517074191486e-07,2.2261343652949603e-19,1.9702964292349367e-20,-2.3941959505490816e-24
5.768635511837607,0.0231085858031843,2.6101143698341515e-07,-2.2281219746885587e-19,-1.9688749286330838e-20,2.393416357755599e-24
5.872833462370795,0.021669541024846292,2.0154991192320304e-07,2.2300465736651737e-19,1.9674800348221042e-20,-2.3926508286400986e-24
5.978913523998199,0.020296507777333148,1.5490104739871961e-07,-2.23191008036035e-19,-1.9661112251244613e-20,2.3918991053770918e-24
6.086909692994713,0.018987992516731937,1.1847764308365794e-07,2.2337148963505103e-19,1.964767987961591e-20,-2.391160935101566e-24
6.196856579704601,0.017742450696218742,9.017572546302064e-08,-2.235463139684363e-19,-1.9634498227086494e-20,2.3904360698601683e-24
6.308789419633264,0.0165582910863552,6.82926811428595e-08,2.2371568963911234e-19,1.9621562393468588e-20,-2.3897242660471804e-24
6.422744084739476,0.015433880218201962,5.145756728533083e-08,-2.2387981466754214e-19,-1.960886758216431e-20,2.3890252849523287e-24
6.5387570949315075,0.0143675469302829,3.8572107933709e-08,2.2403887940797343e-19,1.959640909763427e-20,-2.3883388922249136e-24
6.6568656297710005,0.0133575869998657,2.8761011534587158e-08,-2.241930661045202e-19,-1.9584182343728742e-20,2.387664857808928e-24
6.7771075403880925,0.012402267838324467,2.1330368600062457e-08,2.243425495723346e-19,1.9572182820026097e-20,-2.3870029561576188e-24
6.89952136161191,0.011499833229600936,1.5733011625473804e-08,-2.244874973841927e-19,-1.9560406120717082e-20,2.386352965873381e-24
7.024146324320088,0.010648508090609831,1.1539835986110309e-08,2.246280703012469e-19,1.954884793233048e-20,-2.385714669654205e-24
7.151022368011438,0.009846503231907625,8.416193697431814e-09,-2.247644225850547e-19,-1.9537504030289346e-20,2.3850878543138718e-24
7.280190153605578,0.00909202009683076,6.102576181372917e-09,2.2489670221819953e-19,1.952637027837453e-20,-2.3844723106909094e-24
7.411691076473896,0.008383255457555085,4.398901267803771e-09,-2.2502505126034396e-19,-1.9515442626247106e-20,2.3838678333970075e-24
7.545567279705827,0.007718406046220511,3.1518086656932376e-09,2.2514960611453155e-19,1.9504717106649276e-20,-2.3832742209564695e-24
7.681861667614742,0.007095673099881797,2.244451317936739e-09,-2.2527049772189467e-19,-1.94941898349372e-20,2.382691275784032e-24
7.820617919487889,0.006513266798672155,1.5883429198306882e-09,2.2538785188203584e-19,1.9483857005267485e-20,-2.3821188036642264e-24
7.961880503584519,0.00596941057671975,1.1168890771641936e-09,-2.255017894286948e-19,-1.947371489090714e-20,2.381556614327211e-24
8.105694691387022,0.005462345286668457,7.802869221909835e-10,2.256124264813908e-19,1.946375984111777e-20,-2.381004520791702e-24
