k_m2,tau_drain_s
1e-17,40.5284734569351
1.1699891065890616e-17,34.64004342321628
1.368874509537082e-17,29.607150381257952
1.6015682644458308e-17,25.305492345628267
1.8738174228603867e-17,21.628827313959064
2.192345972483442e-17,18.48634931056312
2.565020905680051e-17,15.800445667786867
3.0010465178188686e-17,13.504780154621132
3.5111917342151415e-17,11.542654609829919
4.108056080177272e-17,9.865608615349334
4.8063808630644085e-17,8.432222624799513
5.62341325190349e-17,7.207094986877672
6.579332246575656e-17,6.15996759823597
7.697747057123719e-17,5.2649785912917055
9.006280202112759e-17,4.50002359991283
1.0537249727360746e-16,3.846209827570086
1.2328467394420634e-16,3.287389434576163
1.4424172552410633e-16,2.80976072004642
1.6876124757881453e-16,2.401527248606502
1.9744882128159346e-16,2.0526065029851486
2.310129700083158e-16,1.754380866817833
2.702826583905162e-16,1.4994847874545396
3.1622776601683793e-16,1.2816228621359302
3.6998304144069657e-16,1.09541435464499
4.328761281083062e-16,0.9362603023189773
5.064603543891714e-16,0.8002299312414187
5.925530975545686e-16,0.683963574305724
6.932806692144509e-16,0.5845896944286288
8.111308307896855e-16,0.49965396355946873
9.490142360424714e-16,0.42705864588443687
1.1103363181676367e-15,0.36501078811704857
1.2990813969063468e-15,0.311977937282839
1.5199110829529332e-15,0.2666502923196998
1.7782794100389227e-15,0.22790835471714782
2.0805675382171714e-15,0.19479527923262596
2.434241355236922e-15,0.16649324180506545
2.8480358684357933e-15,0.14230324100234834
3.3321709412448234e-15,0.1216278341404496
3.898603702549064e-15,0.10395638169233763
4.561323862890206e-15,0.08885243555421413
5.336699231206302e-15,0.07594295968553974
6.2438799656536186e-15,0.06490911689506275
7.305271542664449e-15,0.05547839422564871
8.54708812559251e-15,0.04741787245129821
1e-14,0.04052847345693512
